mut_name,wt_seq,mutated_sequence,label,esm1v_t33_650M_UR90S_1,esm1v_t33_650M_UR90S_2,esm1v_t33_650M_UR90S_3,esm1v_t33_650M_UR90S_4,esm1v_t33_650M_UR90S_5,esm2_t36_3B_UR50D,esm2_t33_650M_UR50D,esm2_t48_15B_UR50D,ProSST-2048,VenusREM
"I283M,I532M",MTTQDVIVNDQNDQKQCSNDVIFRSRLPDIYIPNHLPLHDYIFENISEFAAKPCLINGPTGEVYTYADVHVTSRKLAAGLHNLGVKQHDVVMILLPNSPEVVLTFLAASFIGAITTSANPFFTPAEISKQAKASAAKLIVTQSRYVDKIKNLQNDGVLIVTTDSDAIPENCLRFSELTQSEEPRVDSIPEKISPEDVVALPFSSGTTGLPKGVMLTHKGLVTSVAQQVDGENPNLYFNRDDVILCVLPMFHIYALNSIMLCSLRVGATILIMPKFEITLLLEQIQRCKVTVAMVVPPIVLAIAKSPETEKYDLSSVRMVKSGAAPLGKELEDAISAKFPNAKLGQGYGMTEAGPVLAMSLGFAKEPFPVKSGACGTVVRNAEMKILDPDTGDSLPRNKPGEICIRGNQIMKGYLNDPLATASTIDKDGWLHTGDVGFIDDDDELFIVDRLKELIKYKGFQVAPAELESLLIGHPEINDVAVVAMKEEDAGEVPVAFVVRSKDSNISEDEIKQFVSKQVVFYKRINKVFFTDSIPKAPSGKILRKDLRARLANGLMN,MTTQDVIVNDQNDQKQCSNDVIFRSRLPDIYIPNHLPLHDYIFENISEFAAKPCLINGPTGEVYTYADVHVTSRKLAAGLHNLGVKQHDVVMILLPNSPEVVLTFLAASFIGAITTSANPFFTPAEISKQAKASAAKLIVTQSRYVDKIKNLQNDGVLIVTTDSDAIPENCLRFSELTQSEEPRVDSIPEKISPEDVVALPFSSGTTGLPKGVMLTHKGLVTSVAQQVDGENPNLYFNRDDVILCVLPMFHIYALNSIMLCSLRVGATILIMPKFEITLLLEQMQRCKVTVAMVVPPIVLAIAKSPETEKYDLSSVRMVKSGAAPLGKELEDAISAKFPNAKLGQGYGMTEAGPVLAMSLGFAKEPFPVKSGACGTVVRNAEMKILDPDTGDSLPRNKPGEICIRGNQIMKGYLNDPLATASTIDKDGWLHTGDVGFIDDDDELFIVDRLKELIKYKGFQVAPAELESLLIGHPEINDVAVVAMKEEDAGEVPVAFVVRSKDSNISEDEIKQFVSKQVVFYKRINKVFFTDSMPKAPSGKILRKDLRARLANGLMN,1.81822987631646,-16.31043815612793,-19.32036781311035,-17.430709838867188,-17.064956665039062,-20.5683650970459,-15.44719409942627,-17.60531997680664,-17.626829147338867,-9.6875,-2.096426010131836
"N414S,I532M",MTTQDVIVNDQNDQKQCSNDVIFRSRLPDIYIPNHLPLHDYIFENISEFAAKPCLINGPTGEVYTYADVHVTSRKLAAGLHNLGVKQHDVVMILLPNSPEVVLTFLAASFIGAITTSANPFFTPAEISKQAKASAAKLIVTQSRYVDKIKNLQNDGVLIVTTDSDAIPENCLRFSELTQSEEPRVDSIPEKISPEDVVALPFSSGTTGLPKGVMLTHKGLVTSVAQQVDGENPNLYFNRDDVILCVLPMFHIYALNSIMLCSLRVGATILIMPKFEITLLLEQIQRCKVTVAMVVPPIVLAIAKSPETEKYDLSSVRMVKSGAAPLGKELEDAISAKFPNAKLGQGYGMTEAGPVLAMSLGFAKEPFPVKSGACGTVVRNAEMKILDPDTGDSLPRNKPGEICIRGNQIMKGYLNDPLATASTIDKDGWLHTGDVGFIDDDDELFIVDRLKELIKYKGFQVAPAELESLLIGHPEINDVAVVAMKEEDAGEVPVAFVVRSKDSNISEDEIKQFVSKQVVFYKRINKVFFTDSIPKAPSGKILRKDLRARLANGLMN,MTTQDVIVNDQNDQKQCSNDVIFRSRLPDIYIPNHLPLHDYIFENISEFAAKPCLINGPTGEVYTYADVHVTSRKLAAGLHNLGVKQHDVVMILLPNSPEVVLTFLAASFIGAITTSANPFFTPAEISKQAKASAAKLIVTQSRYVDKIKNLQNDGVLIVTTDSDAIPENCLRFSELTQSEEPRVDSIPEKISPEDVVALPFSSGTTGLPKGVMLTHKGLVTSVAQQVDGENPNLYFNRDDVILCVLPMFHIYALNSIMLCSLRVGATILIMPKFEITLLLEQIQRCKVTVAMVVPPIVLAIAKSPETEKYDLSSVRMVKSGAAPLGKELEDAISAKFPNAKLGQGYGMTEAGPVLAMSLGFAKEPFPVKSGACGTVVRNAEMKILDPDTGDSLPRNKPGEICIRGNQIMKGYLSDPLATASTIDKDGWLHTGDVGFIDDDDELFIVDRLKELIKYKGFQVAPAELESLLIGHPEINDVAVVAMKEEDAGEVPVAFVVRSKDSNISEDEIKQFVSKQVVFYKRINKVFFTDSMPKAPSGKILRKDLRARLANGLMN,1.9426995096906696,-16.26270294189453,-19.437686920166016,-20.46475982666016,-17.981042861938477,-18.94428062438965,-17.8634033203125,-17.716447830200195,-18.592378616333008,-9.109375,-1.9583721160888672
"I283M,N414S",MTTQDVIVNDQNDQKQCSNDVIFRSRLPDIYIPNHLPLHDYIFENISEFAAKPCLINGPTGEVYTYADVHVTSRKLAAGLHNLGVKQHDVVMILLPNSPEVVLTFLAASFIGAITTSANPFFTPAEISKQAKASAAKLIVTQSRYVDKIKNLQNDGVLIVTTDSDAIPENCLRFSELTQSEEPRVDSIPEKISPEDVVALPFSSGTTGLPKGVMLTHKGLVTSVAQQVDGENPNLYFNRDDVILCVLPMFHIYALNSIMLCSLRVGATILIMPKFEITLLLEQIQRCKVTVAMVVPPIVLAIAKSPETEKYDLSSVRMVKSGAAPLGKELEDAISAKFPNAKLGQGYGMTEAGPVLAMSLGFAKEPFPVKSGACGTVVRNAEMKILDPDTGDSLPRNKPGEICIRGNQIMKGYLNDPLATASTIDKDGWLHTGDVGFIDDDDELFIVDRLKELIKYKGFQVAPAELESLLIGHPEINDVAVVAMKEEDAGEVPVAFVVRSKDSNISEDEIKQFVSKQVVFYKRINKVFFTDSIPKAPSGKILRKDLRARLANGLMN,MTTQDVIVNDQNDQKQCSNDVIFRSRLPDIYIPNHLPLHDYIFENISEFAAKPCLINGPTGEVYTYADVHVTSRKLAAGLHNLGVKQHDVVMILLPNSPEVVLTFLAASFIGAITTSANPFFTPAEISKQAKASAAKLIVTQSRYVDKIKNLQNDGVLIVTTDSDAIPENCLRFSELTQSEEPRVDSIPEKISPEDVVALPFSSGTTGLPKGVMLTHKGLVTSVAQQVDGENPNLYFNRDDVILCVLPMFHIYALNSIMLCSLRVGATILIMPKFEITLLLEQMQRCKVTVAMVVPPIVLAIAKSPETEKYDLSSVRMVKSGAAPLGKELEDAISAKFPNAKLGQGYGMTEAGPVLAMSLGFAKEPFPVKSGACGTVVRNAEMKILDPDTGDSLPRNKPGEICIRGNQIMKGYLSDPLATASTIDKDGWLHTGDVGFIDDDDELFIVDRLKELIKYKGFQVAPAELESLLIGHPEINDVAVVAMKEEDAGEVPVAFVVRSKDSNISEDEIKQFVSKQVVFYKRINKVFFTDSIPKAPSGKILRKDLRARLANGLMN,1.8045092318575235,-15.00595474243164,-16.624465942382812,-19.04836654663086,-16.03697395324707,-18.837915420532227,-13.761642456054688,-14.537239074707031,-13.932990074157717,-8.7265625,-1.918921947479248
"F109R,K425E,L449S",MTTQDVIVNDQNDQKQCSNDVIFRSRLPDIYIPNHLPLHDYIFENISEFAAKPCLINGPTGEVYTYADVHVTSRKLAAGLHNLGVKQHDVVMILLPNSPEVVLTFLAASFIGAITTSANPFFTPAEISKQAKASAAKLIVTQSRYVDKIKNLQNDGVLIVTTDSDAIPENCLRFSELTQSEEPRVDSIPEKISPEDVVALPFSSGTTGLPKGVMLTHKGLVTSVAQQVDGENPNLYFNRDDVILCVLPMFHIYALNSIMLCSLRVGATILIMPKFEITLLLEQIQRCKVTVAMVVPPIVLAIAKSPETEKYDLSSVRMVKSGAAPLGKELEDAISAKFPNAKLGQGYGMTEAGPVLAMSLGFAKEPFPVKSGACGTVVRNAEMKILDPDTGDSLPRNKPGEICIRGNQIMKGYLNDPLATASTIDKDGWLHTGDVGFIDDDDELFIVDRLKELIKYKGFQVAPAELESLLIGHPEINDVAVVAMKEEDAGEVPVAFVVRSKDSNISEDEIKQFVSKQVVFYKRINKVFFTDSIPKAPSGKILRKDLRARLANGLMN,MTTQDVIVNDQNDQKQCSNDVIFRSRLPDIYIPNHLPLHDYIFENISEFAAKPCLINGPTGEVYTYADVHVTSRKLAAGLHNLGVKQHDVVMILLPNSPEVVLTFLAASRIGAITTSANPFFTPAEISKQAKASAAKLIVTQSRYVDKIKNLQNDGVLIVTTDSDAIPENCLRFSELTQSEEPRVDSIPEKISPEDVVALPFSSGTTGLPKGVMLTHKGLVTSVAQQVDGENPNLYFNRDDVILCVLPMFHIYALNSIMLCSLRVGATILIMPKFEITLLLEQIQRCKVTVAMVVPPIVLAIAKSPETEKYDLSSVRMVKSGAAPLGKELEDAISAKFPNAKLGQGYGMTEAGPVLAMSLGFAKEPFPVKSGACGTVVRNAEMKILDPDTGDSLPRNKPGEICIRGNQIMKGYLNDPLATASTIDEDGWLHTGDVGFIDDDDELFIVDRSKELIKYKGFQVAPAELESLLIGHPEINDVAVVAMKEEDAGEVPVAFVVRSKDSNISEDEIKQFVSKQVVFYKRINKVFFTDSIPKAPSGKILRKDLRARLANGLMN,0.919289069966131,-19.06844711303711,-19.48240852355957,-20.7265853881836,-20.795307159423828,-23.026912689208984,-15.355020523071287,-14.695770263671877,-14.855443000793455,-12.765625,-2.558533430099488
"I166V,N396K,K425E",MTTQDVIVNDQNDQKQCSNDVIFRSRLPDIYIPNHLPLHDYIFENISEFAAKPCLINGPTGEVYTYADVHVTSRKLAAGLHNLGVKQHDVVMILLPNSPEVVLTFLAASFIGAITTSANPFFTPAEISKQAKASAAKLIVTQSRYVDKIKNLQNDGVLIVTTDSDAIPENCLRFSELTQSEEPRVDSIPEKISPEDVVALPFSSGTTGLPKGVMLTHKGLVTSVAQQVDGENPNLYFNRDDVILCVLPMFHIYALNSIMLCSLRVGATILIMPKFEITLLLEQIQRCKVTVAMVVPPIVLAIAKSPETEKYDLSSVRMVKSGAAPLGKELEDAISAKFPNAKLGQGYGMTEAGPVLAMSLGFAKEPFPVKSGACGTVVRNAEMKILDPDTGDSLPRNKPGEICIRGNQIMKGYLNDPLATASTIDKDGWLHTGDVGFIDDDDELFIVDRLKELIKYKGFQVAPAELESLLIGHPEINDVAVVAMKEEDAGEVPVAFVVRSKDSNISEDEIKQFVSKQVVFYKRINKVFFTDSIPKAPSGKILRKDLRARLANGLMN,MTTQDVIVNDQNDQKQCSNDVIFRSRLPDIYIPNHLPLHDYIFENISEFAAKPCLINGPTGEVYTYADVHVTSRKLAAGLHNLGVKQHDVVMILLPNSPEVVLTFLAASFIGAITTSANPFFTPAEISKQAKASAAKLIVTQSRYVDKIKNLQNDGVLIVTTDSDAVPENCLRFSELTQSEEPRVDSIPEKISPEDVVALPFSSGTTGLPKGVMLTHKGLVTSVAQQVDGENPNLYFNRDDVILCVLPMFHIYALNSIMLCSLRVGATILIMPKFEITLLLEQIQRCKVTVAMVVPPIVLAIAKSPETEKYDLSSVRMVKSGAAPLGKELEDAISAKFPNAKLGQGYGMTEAGPVLAMSLGFAKEPFPVKSGACGTVVRNAEMKILDPDTGDSLPRKKPGEICIRGNQIMKGYLNDPLATASTIDEDGWLHTGDVGFIDDDDELFIVDRLKELIKYKGFQVAPAELESLLIGHPEINDVAVVAMKEEDAGEVPVAFVVRSKDSNISEDEIKQFVSKQVVFYKRINKVFFTDSIPKAPSGKILRKDLRARLANGLMN,1.0074275679267268,-16.924190521240234,-16.6436767578125,-18.50938034057617,-18.073448181152344,-14.042032241821287,-14.295534133911133,-12.448150634765623,-12.311054229736328,-9.44921875,-1.8860571384429927
"F109K,E189G,I453V",MTTQDVIVNDQNDQKQCSNDVIFRSRLPDIYIPNHLPLHDYIFENISEFAAKPCLINGPTGEVYTYADVHVTSRKLAAGLHNLGVKQHDVVMILLPNSPEVVLTFLAASFIGAITTSANPFFTPAEISKQAKASAAKLIVTQSRYVDKIKNLQNDGVLIVTTDSDAIPENCLRFSELTQSEEPRVDSIPEKISPEDVVALPFSSGTTGLPKGVMLTHKGLVTSVAQQVDGENPNLYFNRDDVILCVLPMFHIYALNSIMLCSLRVGATILIMPKFEITLLLEQIQRCKVTVAMVVPPIVLAIAKSPETEKYDLSSVRMVKSGAAPLGKELEDAISAKFPNAKLGQGYGMTEAGPVLAMSLGFAKEPFPVKSGACGTVVRNAEMKILDPDTGDSLPRNKPGEICIRGNQIMKGYLNDPLATASTIDKDGWLHTGDVGFIDDDDELFIVDRLKELIKYKGFQVAPAELESLLIGHPEINDVAVVAMKEEDAGEVPVAFVVRSKDSNISEDEIKQFVSKQVVFYKRINKVFFTDSIPKAPSGKILRKDLRARLANGLMN,MTTQDVIVNDQNDQKQCSNDVIFRSRLPDIYIPNHLPLHDYIFENISEFAAKPCLINGPTGEVYTYADVHVTSRKLAAGLHNLGVKQHDVVMILLPNSPEVVLTFLAASKIGAITTSANPFFTPAEISKQAKASAAKLIVTQSRYVDKIKNLQNDGVLIVTTDSDAIPENCLRFSELTQSEEPRVDSIPGKISPEDVVALPFSSGTTGLPKGVMLTHKGLVTSVAQQVDGENPNLYFNRDDVILCVLPMFHIYALNSIMLCSLRVGATILIMPKFEITLLLEQIQRCKVTVAMVVPPIVLAIAKSPETEKYDLSSVRMVKSGAAPLGKELEDAISAKFPNAKLGQGYGMTEAGPVLAMSLGFAKEPFPVKSGACGTVVRNAEMKILDPDTGDSLPRNKPGEICIRGNQIMKGYLNDPLATASTIDKDGWLHTGDVGFIDDDDELFIVDRLKELVKYKGFQVAPAELESLLIGHPEINDVAVVAMKEEDAGEVPVAFVVRSKDSNISEDEIKQFVSKQVVFYKRINKVFFTDSIPKAPSGKILRKDLRARLANGLMN,1.1706673005642558,-19.599449157714844,-20.53976058959961,-18.626672744750977,-21.41681480407715,-26.39994430541992,-15.011528968811035,-15.223983764648438,-15.909241676330566,-9.69140625,-2.0234920978546143
"F109R,N237D,E330V,S531A",MTTQDVIVNDQNDQKQCSNDVIFRSRLPDIYIPNHLPLHDYIFENISEFAAKPCLINGPTGEVYTYADVHVTSRKLAAGLHNLGVKQHDVVMILLPNSPEVVLTFLAASFIGAITTSANPFFTPAEISKQAKASAAKLIVTQSRYVDKIKNLQNDGVLIVTTDSDAIPENCLRFSELTQSEEPRVDSIPEKISPEDVVALPFSSGTTGLPKGVMLTHKGLVTSVAQQVDGENPNLYFNRDDVILCVLPMFHIYALNSIMLCSLRVGATILIMPKFEITLLLEQIQRCKVTVAMVVPPIVLAIAKSPETEKYDLSSVRMVKSGAAPLGKELEDAISAKFPNAKLGQGYGMTEAGPVLAMSLGFAKEPFPVKSGACGTVVRNAEMKILDPDTGDSLPRNKPGEICIRGNQIMKGYLNDPLATASTIDKDGWLHTGDVGFIDDDDELFIVDRLKELIKYKGFQVAPAELESLLIGHPEINDVAVVAMKEEDAGEVPVAFVVRSKDSNISEDEIKQFVSKQVVFYKRINKVFFTDSIPKAPSGKILRKDLRARLANGLMN,MTTQDVIVNDQNDQKQCSNDVIFRSRLPDIYIPNHLPLHDYIFENISEFAAKPCLINGPTGEVYTYADVHVTSRKLAAGLHNLGVKQHDVVMILLPNSPEVVLTFLAASRIGAITTSANPFFTPAEISKQAKASAAKLIVTQSRYVDKIKNLQNDGVLIVTTDSDAIPENCLRFSELTQSEEPRVDSIPEKISPEDVVALPFSSGTTGLPKGVMLTHKGLVTSVAQQVDGENPNLYFDRDDVILCVLPMFHIYALNSIMLCSLRVGATILIMPKFEITLLLEQIQRCKVTVAMVVPPIVLAIAKSPETEKYDLSSVRMVKSGAAPLGKELVDAISAKFPNAKLGQGYGMTEAGPVLAMSLGFAKEPFPVKSGACGTVVRNAEMKILDPDTGDSLPRNKPGEICIRGNQIMKGYLNDPLATASTIDKDGWLHTGDVGFIDDDDELFIVDRLKELIKYKGFQVAPAELESLLIGHPEINDVAVVAMKEEDAGEVPVAFVVRSKDSNISEDEIKQFVSKQVVFYKRINKVFFTDAIPKAPSGKILRKDLRARLANGLMN,1.0102789169684248,-19.92432975769043,-19.858348846435547,-24.161544799804688,-24.691390991210938,-28.936309814453125,-13.76141357421875,-13.788543701171877,-10.581639289855955,-11.7685546875,-2.2757906913757324
"N396K,V497E,S531A,D544G",MTTQDVIVNDQNDQKQCSNDVIFRSRLPDIYIPNHLPLHDYIFENISEFAAKPCLINGPTGEVYTYADVHVTSRKLAAGLHNLGVKQHDVVMILLPNSPEVVLTFLAASFIGAITTSANPFFTPAEISKQAKASAAKLIVTQSRYVDKIKNLQNDGVLIVTTDSDAIPENCLRFSELTQSEEPRVDSIPEKISPEDVVALPFSSGTTGLPKGVMLTHKGLVTSVAQQVDGENPNLYFNRDDVILCVLPMFHIYALNSIMLCSLRVGATILIMPKFEITLLLEQIQRCKVTVAMVVPPIVLAIAKSPETEKYDLSSVRMVKSGAAPLGKELEDAISAKFPNAKLGQGYGMTEAGPVLAMSLGFAKEPFPVKSGACGTVVRNAEMKILDPDTGDSLPRNKPGEICIRGNQIMKGYLNDPLATASTIDKDGWLHTGDVGFIDDDDELFIVDRLKELIKYKGFQVAPAELESLLIGHPEINDVAVVAMKEEDAGEVPVAFVVRSKDSNISEDEIKQFVSKQVVFYKRINKVFFTDSIPKAPSGKILRKDLRARLANGLMN,MTTQDVIVNDQNDQKQCSNDVIFRSRLPDIYIPNHLPLHDYIFENISEFAAKPCLINGPTGEVYTYADVHVTSRKLAAGLHNLGVKQHDVVMILLPNSPEVVLTFLAASFIGAITTSANPFFTPAEISKQAKASAAKLIVTQSRYVDKIKNLQNDGVLIVTTDSDAIPENCLRFSELTQSEEPRVDSIPEKISPEDVVALPFSSGTTGLPKGVMLTHKGLVTSVAQQVDGENPNLYFNRDDVILCVLPMFHIYALNSIMLCSLRVGATILIMPKFEITLLLEQIQRCKVTVAMVVPPIVLAIAKSPETEKYDLSSVRMVKSGAAPLGKELEDAISAKFPNAKLGQGYGMTEAGPVLAMSLGFAKEPFPVKSGACGTVVRNAEMKILDPDTGDSLPRKKPGEICIRGNQIMKGYLNDPLATASTIDKDGWLHTGDVGFIDDDDELFIVDRLKELIKYKGFQVAPAELESLLIGHPEINDVAVVAMKEEDAGEVPVAFVERSKDSNISEDEIKQFVSKQVVFYKRINKVFFTDAIPKAPSGKILRKGLRARLANGLMN,1.4222104852391853,-33.02561950683594,-33.04853820800781,-37.14424896240234,-37.4326057434082,-31.56037139892578,-26.20051383972168,-26.41171836853028,-26.8452377319336,-21.4013671875,-4.422630548477173
"N396G,K425E",MTTQDVIVNDQNDQKQCSNDVIFRSRLPDIYIPNHLPLHDYIFENISEFAAKPCLINGPTGEVYTYADVHVTSRKLAAGLHNLGVKQHDVVMILLPNSPEVVLTFLAASFIGAITTSANPFFTPAEISKQAKASAAKLIVTQSRYVDKIKNLQNDGVLIVTTDSDAIPENCLRFSELTQSEEPRVDSIPEKISPEDVVALPFSSGTTGLPKGVMLTHKGLVTSVAQQVDGENPNLYFNRDDVILCVLPMFHIYALNSIMLCSLRVGATILIMPKFEITLLLEQIQRCKVTVAMVVPPIVLAIAKSPETEKYDLSSVRMVKSGAAPLGKELEDAISAKFPNAKLGQGYGMTEAGPVLAMSLGFAKEPFPVKSGACGTVVRNAEMKILDPDTGDSLPRNKPGEICIRGNQIMKGYLNDPLATASTIDKDGWLHTGDVGFIDDDDELFIVDRLKELIKYKGFQVAPAELESLLIGHPEINDVAVVAMKEEDAGEVPVAFVVRSKDSNISEDEIKQFVSKQVVFYKRINKVFFTDSIPKAPSGKILRKDLRARLANGLMN,MTTQDVIVNDQNDQKQCSNDVIFRSRLPDIYIPNHLPLHDYIFENISEFAAKPCLINGPTGEVYTYADVHVTSRKLAAGLHNLGVKQHDVVMILLPNSPEVVLTFLAASFIGAITTSANPFFTPAEISKQAKASAAKLIVTQSRYVDKIKNLQNDGVLIVTTDSDAIPENCLRFSELTQSEEPRVDSIPEKISPEDVVALPFSSGTTGLPKGVMLTHKGLVTSVAQQVDGENPNLYFNRDDVILCVLPMFHIYALNSIMLCSLRVGATILIMPKFEITLLLEQIQRCKVTVAMVVPPIVLAIAKSPETEKYDLSSVRMVKSGAAPLGKELEDAISAKFPNAKLGQGYGMTEAGPVLAMSLGFAKEPFPVKSGACGTVVRNAEMKILDPDTGDSLPRGKPGEICIRGNQIMKGYLNDPLATASTIDEDGWLHTGDVGFIDDDDELFIVDRLKELIKYKGFQVAPAELESLLIGHPEINDVAVVAMKEEDAGEVPVAFVVRSKDSNISEDEIKQFVSKQVVFYKRINKVFFTDSIPKAPSGKILRKDLRARLANGLMN,0.7630422119411985,-12.19723129272461,-13.377080917358398,-13.193495750427246,-14.294221878051758,-13.690607070922852,-9.77651596069336,-6.3595733642578125,-7.691525936126709,-0.96484375,-0.0576577186584472
"F109R,I166N,N396K",MTTQDVIVNDQNDQKQCSNDVIFRSRLPDIYIPNHLPLHDYIFENISEFAAKPCLINGPTGEVYTYADVHVTSRKLAAGLHNLGVKQHDVVMILLPNSPEVVLTFLAASFIGAITTSANPFFTPAEISKQAKASAAKLIVTQSRYVDKIKNLQNDGVLIVTTDSDAIPENCLRFSELTQSEEPRVDSIPEKISPEDVVALPFSSGTTGLPKGVMLTHKGLVTSVAQQVDGENPNLYFNRDDVILCVLPMFHIYALNSIMLCSLRVGATILIMPKFEITLLLEQIQRCKVTVAMVVPPIVLAIAKSPETEKYDLSSVRMVKSGAAPLGKELEDAISAKFPNAKLGQGYGMTEAGPVLAMSLGFAKEPFPVKSGACGTVVRNAEMKILDPDTGDSLPRNKPGEICIRGNQIMKGYLNDPLATASTIDKDGWLHTGDVGFIDDDDELFIVDRLKELIKYKGFQVAPAELESLLIGHPEINDVAVVAMKEEDAGEVPVAFVVRSKDSNISEDEIKQFVSKQVVFYKRINKVFFTDSIPKAPSGKILRKDLRARLANGLMN,MTTQDVIVNDQNDQKQCSNDVIFRSRLPDIYIPNHLPLHDYIFENISEFAAKPCLINGPTGEVYTYADVHVTSRKLAAGLHNLGVKQHDVVMILLPNSPEVVLTFLAASRIGAITTSANPFFTPAEISKQAKASAAKLIVTQSRYVDKIKNLQNDGVLIVTTDSDANPENCLRFSELTQSEEPRVDSIPEKISPEDVVALPFSSGTTGLPKGVMLTHKGLVTSVAQQVDGENPNLYFNRDDVILCVLPMFHIYALNSIMLCSLRVGATILIMPKFEITLLLEQIQRCKVTVAMVVPPIVLAIAKSPETEKYDLSSVRMVKSGAAPLGKELEDAISAKFPNAKLGQGYGMTEAGPVLAMSLGFAKEPFPVKSGACGTVVRNAEMKILDPDTGDSLPRKKPGEICIRGNQIMKGYLNDPLATASTIDKDGWLHTGDVGFIDDDDELFIVDRLKELIKYKGFQVAPAELESLLIGHPEINDVAVVAMKEEDAGEVPVAFVVRSKDSNISEDEIKQFVSKQVVFYKRINKVFFTDSIPKAPSGKILRKDLRARLANGLMN,0.9904844277532922,-16.439878463745117,-20.35576629638672,-18.06855010986328,-21.168933868408203,-20.91519927978516,-14.076753616333008,-13.815926551818848,-15.320897102355955,-18.1484375,-3.624475479125977
"T2I,F109K,M317K",MTTQDVIVNDQNDQKQCSNDVIFRSRLPDIYIPNHLPLHDYIFENISEFAAKPCLINGPTGEVYTYADVHVTSRKLAAGLHNLGVKQHDVVMILLPNSPEVVLTFLAASFIGAITTSANPFFTPAEISKQAKASAAKLIVTQSRYVDKIKNLQNDGVLIVTTDSDAIPENCLRFSELTQSEEPRVDSIPEKISPEDVVALPFSSGTTGLPKGVMLTHKGLVTSVAQQVDGENPNLYFNRDDVILCVLPMFHIYALNSIMLCSLRVGATILIMPKFEITLLLEQIQRCKVTVAMVVPPIVLAIAKSPETEKYDLSSVRMVKSGAAPLGKELEDAISAKFPNAKLGQGYGMTEAGPVLAMSLGFAKEPFPVKSGACGTVVRNAEMKILDPDTGDSLPRNKPGEICIRGNQIMKGYLNDPLATASTIDKDGWLHTGDVGFIDDDDELFIVDRLKELIKYKGFQVAPAELESLLIGHPEINDVAVVAMKEEDAGEVPVAFVVRSKDSNISEDEIKQFVSKQVVFYKRINKVFFTDSIPKAPSGKILRKDLRARLANGLMN,MTIQDVIVNDQNDQKQCSNDVIFRSRLPDIYIPNHLPLHDYIFENISEFAAKPCLINGPTGEVYTYADVHVTSRKLAAGLHNLGVKQHDVVMILLPNSPEVVLTFLAASKIGAITTSANPFFTPAEISKQAKASAAKLIVTQSRYVDKIKNLQNDGVLIVTTDSDAIPENCLRFSELTQSEEPRVDSIPEKISPEDVVALPFSSGTTGLPKGVMLTHKGLVTSVAQQVDGENPNLYFNRDDVILCVLPMFHIYALNSIMLCSLRVGATILIMPKFEITLLLEQIQRCKVTVAMVVPPIVLAIAKSPETEKYDLSSVRKVKSGAAPLGKELEDAISAKFPNAKLGQGYGMTEAGPVLAMSLGFAKEPFPVKSGACGTVVRNAEMKILDPDTGDSLPRNKPGEICIRGNQIMKGYLNDPLATASTIDKDGWLHTGDVGFIDDDDELFIVDRLKELIKYKGFQVAPAELESLLIGHPEINDVAVVAMKEEDAGEVPVAFVVRSKDSNISEDEIKQFVSKQVVFYKRINKVFFTDSIPKAPSGKILRKDLRARLANGLMN,0.7030519489418895,-19.66106033325196,-18.154529571533203,-15.135122299194336,-19.53858184814453,-26.07479858398437,-11.010351181030272,-11.440736770629885,-8.47622299194336,-15.197265625,-2.97148060798645
"S261G,M317K,D487G",MTTQDVIVNDQNDQKQCSNDVIFRSRLPDIYIPNHLPLHDYIFENISEFAAKPCLINGPTGEVYTYADVHVTSRKLAAGLHNLGVKQHDVVMILLPNSPEVVLTFLAASFIGAITTSANPFFTPAEISKQAKASAAKLIVTQSRYVDKIKNLQNDGVLIVTTDSDAIPENCLRFSELTQSEEPRVDSIPEKISPEDVVALPFSSGTTGLPKGVMLTHKGLVTSVAQQVDGENPNLYFNRDDVILCVLPMFHIYALNSIMLCSLRVGATILIMPKFEITLLLEQIQRCKVTVAMVVPPIVLAIAKSPETEKYDLSSVRMVKSGAAPLGKELEDAISAKFPNAKLGQGYGMTEAGPVLAMSLGFAKEPFPVKSGACGTVVRNAEMKILDPDTGDSLPRNKPGEICIRGNQIMKGYLNDPLATASTIDKDGWLHTGDVGFIDDDDELFIVDRLKELIKYKGFQVAPAELESLLIGHPEINDVAVVAMKEEDAGEVPVAFVVRSKDSNISEDEIKQFVSKQVVFYKRINKVFFTDSIPKAPSGKILRKDLRARLANGLMN,MTTQDVIVNDQNDQKQCSNDVIFRSRLPDIYIPNHLPLHDYIFENISEFAAKPCLINGPTGEVYTYADVHVTSRKLAAGLHNLGVKQHDVVMILLPNSPEVVLTFLAASFIGAITTSANPFFTPAEISKQAKASAAKLIVTQSRYVDKIKNLQNDGVLIVTTDSDAIPENCLRFSELTQSEEPRVDSIPEKISPEDVVALPFSSGTTGLPKGVMLTHKGLVTSVAQQVDGENPNLYFNRDDVILCVLPMFHIYALNSIMLCGLRVGATILIMPKFEITLLLEQIQRCKVTVAMVVPPIVLAIAKSPETEKYDLSSVRKVKSGAAPLGKELEDAISAKFPNAKLGQGYGMTEAGPVLAMSLGFAKEPFPVKSGACGTVVRNAEMKILDPDTGDSLPRNKPGEICIRGNQIMKGYLNDPLATASTIDKDGWLHTGDVGFIDDDDELFIVDRLKELIKYKGFQVAPAELESLLIGHPEINDVAVVAMKEEGAGEVPVAFVVRSKDSNISEDEIKQFVSKQVVFYKRINKVFFTDSIPKAPSGKILRKDLRARLANGLMN,0.8938272299697549,-17.952613830566406,-13.332313537597656,-13.924827575683594,-12.9471435546875,-17.88037109375,-10.957435607910156,-11.871562957763672,-11.202829360961914,-11.40625,-2.2907373905181885
"N396K,K425E,L449S",MTTQDVIVNDQNDQKQCSNDVIFRSRLPDIYIPNHLPLHDYIFENISEFAAKPCLINGPTGEVYTYADVHVTSRKLAAGLHNLGVKQHDVVMILLPNSPEVVLTFLAASFIGAITTSANPFFTPAEISKQAKASAAKLIVTQSRYVDKIKNLQNDGVLIVTTDSDAIPENCLRFSELTQSEEPRVDSIPEKISPEDVVALPFSSGTTGLPKGVMLTHKGLVTSVAQQVDGENPNLYFNRDDVILCVLPMFHIYALNSIMLCSLRVGATILIMPKFEITLLLEQIQRCKVTVAMVVPPIVLAIAKSPETEKYDLSSVRMVKSGAAPLGKELEDAISAKFPNAKLGQGYGMTEAGPVLAMSLGFAKEPFPVKSGACGTVVRNAEMKILDPDTGDSLPRNKPGEICIRGNQIMKGYLNDPLATASTIDKDGWLHTGDVGFIDDDDELFIVDRLKELIKYKGFQVAPAELESLLIGHPEINDVAVVAMKEEDAGEVPVAFVVRSKDSNISEDEIKQFVSKQVVFYKRINKVFFTDSIPKAPSGKILRKDLRARLANGLMN,MTTQDVIVNDQNDQKQCSNDVIFRSRLPDIYIPNHLPLHDYIFENISEFAAKPCLINGPTGEVYTYADVHVTSRKLAAGLHNLGVKQHDVVMILLPNSPEVVLTFLAASFIGAITTSANPFFTPAEISKQAKASAAKLIVTQSRYVDKIKNLQNDGVLIVTTDSDAIPENCLRFSELTQSEEPRVDSIPEKISPEDVVALPFSSGTTGLPKGVMLTHKGLVTSVAQQVDGENPNLYFNRDDVILCVLPMFHIYALNSIMLCSLRVGATILIMPKFEITLLLEQIQRCKVTVAMVVPPIVLAIAKSPETEKYDLSSVRMVKSGAAPLGKELEDAISAKFPNAKLGQGYGMTEAGPVLAMSLGFAKEPFPVKSGACGTVVRNAEMKILDPDTGDSLPRKKPGEICIRGNQIMKGYLNDPLATASTIDEDGWLHTGDVGFIDDDDELFIVDRSKELIKYKGFQVAPAELESLLIGHPEINDVAVVAMKEEDAGEVPVAFVVRSKDSNISEDEIKQFVSKQVVFYKRINKVFFTDSIPKAPSGKILRKDLRARLANGLMN,1.0144970283607029,-24.066139221191406,-22.43983268737793,-27.279541015625,-25.39827537536621,-21.82408142089844,-20.09555625915528,-18.51641273498535,-17.31134605407715,-11.84375,-2.455829620361328
"I45S,I166T,K425E",MTTQDVIVNDQNDQKQCSNDVIFRSRLPDIYIPNHLPLHDYIFENISEFAAKPCLINGPTGEVYTYADVHVTSRKLAAGLHNLGVKQHDVVMILLPNSPEVVLTFLAASFIGAITTSANPFFTPAEISKQAKASAAKLIVTQSRYVDKIKNLQNDGVLIVTTDSDAIPENCLRFSELTQSEEPRVDSIPEKISPEDVVALPFSSGTTGLPKGVMLTHKGLVTSVAQQVDGENPNLYFNRDDVILCVLPMFHIYALNSIMLCSLRVGATILIMPKFEITLLLEQIQRCKVTVAMVVPPIVLAIAKSPETEKYDLSSVRMVKSGAAPLGKELEDAISAKFPNAKLGQGYGMTEAGPVLAMSLGFAKEPFPVKSGACGTVVRNAEMKILDPDTGDSLPRNKPGEICIRGNQIMKGYLNDPLATASTIDKDGWLHTGDVGFIDDDDELFIVDRLKELIKYKGFQVAPAELESLLIGHPEINDVAVVAMKEEDAGEVPVAFVVRSKDSNISEDEIKQFVSKQVVFYKRINKVFFTDSIPKAPSGKILRKDLRARLANGLMN,MTTQDVIVNDQNDQKQCSNDVIFRSRLPDIYIPNHLPLHDYIFENSSEFAAKPCLINGPTGEVYTYADVHVTSRKLAAGLHNLGVKQHDVVMILLPNSPEVVLTFLAASFIGAITTSANPFFTPAEISKQAKASAAKLIVTQSRYVDKIKNLQNDGVLIVTTDSDATPENCLRFSELTQSEEPRVDSIPEKISPEDVVALPFSSGTTGLPKGVMLTHKGLVTSVAQQVDGENPNLYFNRDDVILCVLPMFHIYALNSIMLCSLRVGATILIMPKFEITLLLEQIQRCKVTVAMVVPPIVLAIAKSPETEKYDLSSVRMVKSGAAPLGKELEDAISAKFPNAKLGQGYGMTEAGPVLAMSLGFAKEPFPVKSGACGTVVRNAEMKILDPDTGDSLPRNKPGEICIRGNQIMKGYLNDPLATASTIDEDGWLHTGDVGFIDDDDELFIVDRLKELIKYKGFQVAPAELESLLIGHPEINDVAVVAMKEEDAGEVPVAFVVRSKDSNISEDEIKQFVSKQVVFYKRINKVFFTDSIPKAPSGKILRKDLRARLANGLMN,0.93284476034828,-17.36711311340332,-16.744386672973633,-12.6389741897583,-18.003156661987305,-15.108026504516602,-14.518827438354492,-10.833090782165527,-14.35773468017578,-7.63671875,-1.5073845386505127
"M317K,E330V,D487G",MTTQDVIVNDQNDQKQCSNDVIFRSRLPDIYIPNHLPLHDYIFENISEFAAKPCLINGPTGEVYTYADVHVTSRKLAAGLHNLGVKQHDVVMILLPNSPEVVLTFLAASFIGAITTSANPFFTPAEISKQAKASAAKLIVTQSRYVDKIKNLQNDGVLIVTTDSDAIPENCLRFSELTQSEEPRVDSIPEKISPEDVVALPFSSGTTGLPKGVMLTHKGLVTSVAQQVDGENPNLYFNRDDVILCVLPMFHIYALNSIMLCSLRVGATILIMPKFEITLLLEQIQRCKVTVAMVVPPIVLAIAKSPETEKYDLSSVRMVKSGAAPLGKELEDAISAKFPNAKLGQGYGMTEAGPVLAMSLGFAKEPFPVKSGACGTVVRNAEMKILDPDTGDSLPRNKPGEICIRGNQIMKGYLNDPLATASTIDKDGWLHTGDVGFIDDDDELFIVDRLKELIKYKGFQVAPAELESLLIGHPEINDVAVVAMKEEDAGEVPVAFVVRSKDSNISEDEIKQFVSKQVVFYKRINKVFFTDSIPKAPSGKILRKDLRARLANGLMN,MTTQDVIVNDQNDQKQCSNDVIFRSRLPDIYIPNHLPLHDYIFENISEFAAKPCLINGPTGEVYTYADVHVTSRKLAAGLHNLGVKQHDVVMILLPNSPEVVLTFLAASFIGAITTSANPFFTPAEISKQAKASAAKLIVTQSRYVDKIKNLQNDGVLIVTTDSDAIPENCLRFSELTQSEEPRVDSIPEKISPEDVVALPFSSGTTGLPKGVMLTHKGLVTSVAQQVDGENPNLYFNRDDVILCVLPMFHIYALNSIMLCSLRVGATILIMPKFEITLLLEQIQRCKVTVAMVVPPIVLAIAKSPETEKYDLSSVRKVKSGAAPLGKELVDAISAKFPNAKLGQGYGMTEAGPVLAMSLGFAKEPFPVKSGACGTVVRNAEMKILDPDTGDSLPRNKPGEICIRGNQIMKGYLNDPLATASTIDKDGWLHTGDVGFIDDDDELFIVDRLKELIKYKGFQVAPAELESLLIGHPEINDVAVVAMKEEGAGEVPVAFVVRSKDSNISEDEIKQFVSKQVVFYKRINKVFFTDSIPKAPSGKILRKDLRARLANGLMN,1.235806487246322,-23.07901954650879,-18.88908195495605,-22.768081665039062,-20.90029525756836,-23.35056495666504,-11.30552864074707,-11.058391571044922,-9.793418884277344,-10.80078125,-2.173413753509521
"F109R,E330V,E364G",MTTQDVIVNDQNDQKQCSNDVIFRSRLPDIYIPNHLPLHDYIFENISEFAAKPCLINGPTGEVYTYADVHVTSRKLAAGLHNLGVKQHDVVMILLPNSPEVVLTFLAASFIGAITTSANPFFTPAEISKQAKASAAKLIVTQSRYVDKIKNLQNDGVLIVTTDSDAIPENCLRFSELTQSEEPRVDSIPEKISPEDVVALPFSSGTTGLPKGVMLTHKGLVTSVAQQVDGENPNLYFNRDDVILCVLPMFHIYALNSIMLCSLRVGATILIMPKFEITLLLEQIQRCKVTVAMVVPPIVLAIAKSPETEKYDLSSVRMVKSGAAPLGKELEDAISAKFPNAKLGQGYGMTEAGPVLAMSLGFAKEPFPVKSGACGTVVRNAEMKILDPDTGDSLPRNKPGEICIRGNQIMKGYLNDPLATASTIDKDGWLHTGDVGFIDDDDELFIVDRLKELIKYKGFQVAPAELESLLIGHPEINDVAVVAMKEEDAGEVPVAFVVRSKDSNISEDEIKQFVSKQVVFYKRINKVFFTDSIPKAPSGKILRKDLRARLANGLMN,MTTQDVIVNDQNDQKQCSNDVIFRSRLPDIYIPNHLPLHDYIFENISEFAAKPCLINGPTGEVYTYADVHVTSRKLAAGLHNLGVKQHDVVMILLPNSPEVVLTFLAASRIGAITTSANPFFTPAEISKQAKASAAKLIVTQSRYVDKIKNLQNDGVLIVTTDSDAIPENCLRFSELTQSEEPRVDSIPEKISPEDVVALPFSSGTTGLPKGVMLTHKGLVTSVAQQVDGENPNLYFNRDDVILCVLPMFHIYALNSIMLCSLRVGATILIMPKFEITLLLEQIQRCKVTVAMVVPPIVLAIAKSPETEKYDLSSVRMVKSGAAPLGKELVDAISAKFPNAKLGQGYGMTEAGPVLAMSLGFAKGPFPVKSGACGTVVRNAEMKILDPDTGDSLPRNKPGEICIRGNQIMKGYLNDPLATASTIDKDGWLHTGDVGFIDDDDELFIVDRLKELIKYKGFQVAPAELESLLIGHPEINDVAVVAMKEEDAGEVPVAFVVRSKDSNISEDEIKQFVSKQVVFYKRINKVFFTDSIPKAPSGKILRKDLRARLANGLMN,0.9605570452494658,-19.820655822753903,-21.51265335083008,-26.576629638671875,-21.34258270263672,-26.21417236328125,-7.973959922790527,-8.372114181518555,-7.214215278625488,-8.1953125,-1.5959577560424805
"F109R,N396K",MTTQDVIVNDQNDQKQCSNDVIFRSRLPDIYIPNHLPLHDYIFENISEFAAKPCLINGPTGEVYTYADVHVTSRKLAAGLHNLGVKQHDVVMILLPNSPEVVLTFLAASFIGAITTSANPFFTPAEISKQAKASAAKLIVTQSRYVDKIKNLQNDGVLIVTTDSDAIPENCLRFSELTQSEEPRVDSIPEKISPEDVVALPFSSGTTGLPKGVMLTHKGLVTSVAQQVDGENPNLYFNRDDVILCVLPMFHIYALNSIMLCSLRVGATILIMPKFEITLLLEQIQRCKVTVAMVVPPIVLAIAKSPETEKYDLSSVRMVKSGAAPLGKELEDAISAKFPNAKLGQGYGMTEAGPVLAMSLGFAKEPFPVKSGACGTVVRNAEMKILDPDTGDSLPRNKPGEICIRGNQIMKGYLNDPLATASTIDKDGWLHTGDVGFIDDDDELFIVDRLKELIKYKGFQVAPAELESLLIGHPEINDVAVVAMKEEDAGEVPVAFVVRSKDSNISEDEIKQFVSKQVVFYKRINKVFFTDSIPKAPSGKILRKDLRARLANGLMN,MTTQDVIVNDQNDQKQCSNDVIFRSRLPDIYIPNHLPLHDYIFENISEFAAKPCLINGPTGEVYTYADVHVTSRKLAAGLHNLGVKQHDVVMILLPNSPEVVLTFLAASRIGAITTSANPFFTPAEISKQAKASAAKLIVTQSRYVDKIKNLQNDGVLIVTTDSDAIPENCLRFSELTQSEEPRVDSIPEKISPEDVVALPFSSGTTGLPKGVMLTHKGLVTSVAQQVDGENPNLYFNRDDVILCVLPMFHIYALNSIMLCSLRVGATILIMPKFEITLLLEQIQRCKVTVAMVVPPIVLAIAKSPETEKYDLSSVRMVKSGAAPLGKELEDAISAKFPNAKLGQGYGMTEAGPVLAMSLGFAKEPFPVKSGACGTVVRNAEMKILDPDTGDSLPRKKPGEICIRGNQIMKGYLNDPLATASTIDKDGWLHTGDVGFIDDDDELFIVDRLKELIKYKGFQVAPAELESLLIGHPEINDVAVVAMKEEDAGEVPVAFVVRSKDSNISEDEIKQFVSKQVVFYKRINKVFFTDSIPKAPSGKILRKDLRARLANGLMN,0.6956938188735317,-12.472517013549805,-14.911416053771973,-14.230942726135254,-14.974834442138672,-14.667156219482422,-8.87858772277832,-8.757759094238281,-7.9747419357299805,-11.96875,-2.369447946548462
"I270L,N396G,K425E,I540T",MTTQDVIVNDQNDQKQCSNDVIFRSRLPDIYIPNHLPLHDYIFENISEFAAKPCLINGPTGEVYTYADVHVTSRKLAAGLHNLGVKQHDVVMILLPNSPEVVLTFLAASFIGAITTSANPFFTPAEISKQAKASAAKLIVTQSRYVDKIKNLQNDGVLIVTTDSDAIPENCLRFSELTQSEEPRVDSIPEKISPEDVVALPFSSGTTGLPKGVMLTHKGLVTSVAQQVDGENPNLYFNRDDVILCVLPMFHIYALNSIMLCSLRVGATILIMPKFEITLLLEQIQRCKVTVAMVVPPIVLAIAKSPETEKYDLSSVRMVKSGAAPLGKELEDAISAKFPNAKLGQGYGMTEAGPVLAMSLGFAKEPFPVKSGACGTVVRNAEMKILDPDTGDSLPRNKPGEICIRGNQIMKGYLNDPLATASTIDKDGWLHTGDVGFIDDDDELFIVDRLKELIKYKGFQVAPAELESLLIGHPEINDVAVVAMKEEDAGEVPVAFVVRSKDSNISEDEIKQFVSKQVVFYKRINKVFFTDSIPKAPSGKILRKDLRARLANGLMN,MTTQDVIVNDQNDQKQCSNDVIFRSRLPDIYIPNHLPLHDYIFENISEFAAKPCLINGPTGEVYTYADVHVTSRKLAAGLHNLGVKQHDVVMILLPNSPEVVLTFLAASFIGAITTSANPFFTPAEISKQAKASAAKLIVTQSRYVDKIKNLQNDGVLIVTTDSDAIPENCLRFSELTQSEEPRVDSIPEKISPEDVVALPFSSGTTGLPKGVMLTHKGLVTSVAQQVDGENPNLYFNRDDVILCVLPMFHIYALNSIMLCSLRVGATILLMPKFEITLLLEQIQRCKVTVAMVVPPIVLAIAKSPETEKYDLSSVRMVKSGAAPLGKELEDAISAKFPNAKLGQGYGMTEAGPVLAMSLGFAKEPFPVKSGACGTVVRNAEMKILDPDTGDSLPRGKPGEICIRGNQIMKGYLNDPLATASTIDEDGWLHTGDVGFIDDDDELFIVDRLKELIKYKGFQVAPAELESLLIGHPEINDVAVVAMKEEDAGEVPVAFVVRSKDSNISEDEIKQFVSKQVVFYKRINKVFFTDSIPKAPSGKTLRKDLRARLANGLMN,0.8886724150699923,-27.34244155883789,-25.63438034057617,-31.82841110229492,-30.517946243286133,-30.6123275756836,-22.33416748046875,-18.926240921020508,-19.27308654785156,-12.431640625,-2.361822843551636
"I270L,K425E,D487G,I540T",MTTQDVIVNDQNDQKQCSNDVIFRSRLPDIYIPNHLPLHDYIFENISEFAAKPCLINGPTGEVYTYADVHVTSRKLAAGLHNLGVKQHDVVMILLPNSPEVVLTFLAASFIGAITTSANPFFTPAEISKQAKASAAKLIVTQSRYVDKIKNLQNDGVLIVTTDSDAIPENCLRFSELTQSEEPRVDSIPEKISPEDVVALPFSSGTTGLPKGVMLTHKGLVTSVAQQVDGENPNLYFNRDDVILCVLPMFHIYALNSIMLCSLRVGATILIMPKFEITLLLEQIQRCKVTVAMVVPPIVLAIAKSPETEKYDLSSVRMVKSGAAPLGKELEDAISAKFPNAKLGQGYGMTEAGPVLAMSLGFAKEPFPVKSGACGTVVRNAEMKILDPDTGDSLPRNKPGEICIRGNQIMKGYLNDPLATASTIDKDGWLHTGDVGFIDDDDELFIVDRLKELIKYKGFQVAPAELESLLIGHPEINDVAVVAMKEEDAGEVPVAFVVRSKDSNISEDEIKQFVSKQVVFYKRINKVFFTDSIPKAPSGKILRKDLRARLANGLMN,MTTQDVIVNDQNDQKQCSNDVIFRSRLPDIYIPNHLPLHDYIFENISEFAAKPCLINGPTGEVYTYADVHVTSRKLAAGLHNLGVKQHDVVMILLPNSPEVVLTFLAASFIGAITTSANPFFTPAEISKQAKASAAKLIVTQSRYVDKIKNLQNDGVLIVTTDSDAIPENCLRFSELTQSEEPRVDSIPEKISPEDVVALPFSSGTTGLPKGVMLTHKGLVTSVAQQVDGENPNLYFNRDDVILCVLPMFHIYALNSIMLCSLRVGATILLMPKFEITLLLEQIQRCKVTVAMVVPPIVLAIAKSPETEKYDLSSVRMVKSGAAPLGKELEDAISAKFPNAKLGQGYGMTEAGPVLAMSLGFAKEPFPVKSGACGTVVRNAEMKILDPDTGDSLPRNKPGEICIRGNQIMKGYLNDPLATASTIDEDGWLHTGDVGFIDDDDELFIVDRLKELIKYKGFQVAPAELESLLIGHPEINDVAVVAMKEEGAGEVPVAFVVRSKDSNISEDEIKQFVSKQVVFYKRINKVFFTDSIPKAPSGKTLRKDLRARLANGLMN,0.2915916780333993,-26.78208923339844,-21.977439880371094,-28.14392471313477,-26.113744735717773,-23.589330673217773,-22.421607971191406,-20.72924423217773,-22.36961555480957,-15.314453125,-3.085649251937866
"F109K,N396K",MTTQDVIVNDQNDQKQCSNDVIFRSRLPDIYIPNHLPLHDYIFENISEFAAKPCLINGPTGEVYTYADVHVTSRKLAAGLHNLGVKQHDVVMILLPNSPEVVLTFLAASFIGAITTSANPFFTPAEISKQAKASAAKLIVTQSRYVDKIKNLQNDGVLIVTTDSDAIPENCLRFSELTQSEEPRVDSIPEKISPEDVVALPFSSGTTGLPKGVMLTHKGLVTSVAQQVDGENPNLYFNRDDVILCVLPMFHIYALNSIMLCSLRVGATILIMPKFEITLLLEQIQRCKVTVAMVVPPIVLAIAKSPETEKYDLSSVRMVKSGAAPLGKELEDAISAKFPNAKLGQGYGMTEAGPVLAMSLGFAKEPFPVKSGACGTVVRNAEMKILDPDTGDSLPRNKPGEICIRGNQIMKGYLNDPLATASTIDKDGWLHTGDVGFIDDDDELFIVDRLKELIKYKGFQVAPAELESLLIGHPEINDVAVVAMKEEDAGEVPVAFVVRSKDSNISEDEIKQFVSKQVVFYKRINKVFFTDSIPKAPSGKILRKDLRARLANGLMN,MTTQDVIVNDQNDQKQCSNDVIFRSRLPDIYIPNHLPLHDYIFENISEFAAKPCLINGPTGEVYTYADVHVTSRKLAAGLHNLGVKQHDVVMILLPNSPEVVLTFLAASKIGAITTSANPFFTPAEISKQAKASAAKLIVTQSRYVDKIKNLQNDGVLIVTTDSDAIPENCLRFSELTQSEEPRVDSIPEKISPEDVVALPFSSGTTGLPKGVMLTHKGLVTSVAQQVDGENPNLYFNRDDVILCVLPMFHIYALNSIMLCSLRVGATILIMPKFEITLLLEQIQRCKVTVAMVVPPIVLAIAKSPETEKYDLSSVRMVKSGAAPLGKELEDAISAKFPNAKLGQGYGMTEAGPVLAMSLGFAKEPFPVKSGACGTVVRNAEMKILDPDTGDSLPRKKPGEICIRGNQIMKGYLNDPLATASTIDKDGWLHTGDVGFIDDDDELFIVDRLKELIKYKGFQVAPAELESLLIGHPEINDVAVVAMKEEDAGEVPVAFVVRSKDSNISEDEIKQFVSKQVVFYKRINKVFFTDSIPKAPSGKILRKDLRARLANGLMN,0.3445772839860496,-15.16200065612793,-14.69603157043457,-15.824665069580078,-17.350576400756836,-16.9990291595459,-9.988100051879885,-9.429642677307127,-8.434504508972168,-10.12890625,-1.999220848083496
"F109K,M317K,V497E",MTTQDVIVNDQNDQKQCSNDVIFRSRLPDIYIPNHLPLHDYIFENISEFAAKPCLINGPTGEVYTYADVHVTSRKLAAGLHNLGVKQHDVVMILLPNSPEVVLTFLAASFIGAITTSANPFFTPAEISKQAKASAAKLIVTQSRYVDKIKNLQNDGVLIVTTDSDAIPENCLRFSELTQSEEPRVDSIPEKISPEDVVALPFSSGTTGLPKGVMLTHKGLVTSVAQQVDGENPNLYFNRDDVILCVLPMFHIYALNSIMLCSLRVGATILIMPKFEITLLLEQIQRCKVTVAMVVPPIVLAIAKSPETEKYDLSSVRMVKSGAAPLGKELEDAISAKFPNAKLGQGYGMTEAGPVLAMSLGFAKEPFPVKSGACGTVVRNAEMKILDPDTGDSLPRNKPGEICIRGNQIMKGYLNDPLATASTIDKDGWLHTGDVGFIDDDDELFIVDRLKELIKYKGFQVAPAELESLLIGHPEINDVAVVAMKEEDAGEVPVAFVVRSKDSNISEDEIKQFVSKQVVFYKRINKVFFTDSIPKAPSGKILRKDLRARLANGLMN,MTTQDVIVNDQNDQKQCSNDVIFRSRLPDIYIPNHLPLHDYIFENISEFAAKPCLINGPTGEVYTYADVHVTSRKLAAGLHNLGVKQHDVVMILLPNSPEVVLTFLAASKIGAITTSANPFFTPAEISKQAKASAAKLIVTQSRYVDKIKNLQNDGVLIVTTDSDAIPENCLRFSELTQSEEPRVDSIPEKISPEDVVALPFSSGTTGLPKGVMLTHKGLVTSVAQQVDGENPNLYFNRDDVILCVLPMFHIYALNSIMLCSLRVGATILIMPKFEITLLLEQIQRCKVTVAMVVPPIVLAIAKSPETEKYDLSSVRKVKSGAAPLGKELEDAISAKFPNAKLGQGYGMTEAGPVLAMSLGFAKEPFPVKSGACGTVVRNAEMKILDPDTGDSLPRNKPGEICIRGNQIMKGYLNDPLATASTIDKDGWLHTGDVGFIDDDDELFIVDRLKELIKYKGFQVAPAELESLLIGHPEINDVAVVAMKEEDAGEVPVAFVERSKDSNISEDEIKQFVSKQVVFYKRINKVFFTDSIPKAPSGKILRKDLRARLANGLMN,0.3441884636621813,-26.02004623413086,-25.66161155700684,-24.24832534790039,-25.961509704589844,-32.054683685302734,-15.814417839050291,-15.49698257446289,-15.417259216308594,-19.3984375,-3.958053112030029
"F109R,N396K,L413H",MTTQDVIVNDQNDQKQCSNDVIFRSRLPDIYIPNHLPLHDYIFENISEFAAKPCLINGPTGEVYTYADVHVTSRKLAAGLHNLGVKQHDVVMILLPNSPEVVLTFLAASFIGAITTSANPFFTPAEISKQAKASAAKLIVTQSRYVDKIKNLQNDGVLIVTTDSDAIPENCLRFSELTQSEEPRVDSIPEKISPEDVVALPFSSGTTGLPKGVMLTHKGLVTSVAQQVDGENPNLYFNRDDVILCVLPMFHIYALNSIMLCSLRVGATILIMPKFEITLLLEQIQRCKVTVAMVVPPIVLAIAKSPETEKYDLSSVRMVKSGAAPLGKELEDAISAKFPNAKLGQGYGMTEAGPVLAMSLGFAKEPFPVKSGACGTVVRNAEMKILDPDTGDSLPRNKPGEICIRGNQIMKGYLNDPLATASTIDKDGWLHTGDVGFIDDDDELFIVDRLKELIKYKGFQVAPAELESLLIGHPEINDVAVVAMKEEDAGEVPVAFVVRSKDSNISEDEIKQFVSKQVVFYKRINKVFFTDSIPKAPSGKILRKDLRARLANGLMN,MTTQDVIVNDQNDQKQCSNDVIFRSRLPDIYIPNHLPLHDYIFENISEFAAKPCLINGPTGEVYTYADVHVTSRKLAAGLHNLGVKQHDVVMILLPNSPEVVLTFLAASRIGAITTSANPFFTPAEISKQAKASAAKLIVTQSRYVDKIKNLQNDGVLIVTTDSDAIPENCLRFSELTQSEEPRVDSIPEKISPEDVVALPFSSGTTGLPKGVMLTHKGLVTSVAQQVDGENPNLYFNRDDVILCVLPMFHIYALNSIMLCSLRVGATILIMPKFEITLLLEQIQRCKVTVAMVVPPIVLAIAKSPETEKYDLSSVRMVKSGAAPLGKELEDAISAKFPNAKLGQGYGMTEAGPVLAMSLGFAKEPFPVKSGACGTVVRNAEMKILDPDTGDSLPRKKPGEICIRGNQIMKGYHNDPLATASTIDKDGWLHTGDVGFIDDDDELFIVDRLKELIKYKGFQVAPAELESLLIGHPEINDVAVVAMKEEDAGEVPVAFVVRSKDSNISEDEIKQFVSKQVVFYKRINKVFFTDSIPKAPSGKILRKDLRARLANGLMN,0.7497103878061306,-19.59052276611328,-24.20304107666016,-23.009746551513672,-23.934646606445312,-22.606733322143555,-14.30756378173828,-15.20982265472412,-16.72301483154297,-19.26953125,-3.9190456867218018
"I45S,K425E",MTTQDVIVNDQNDQKQCSNDVIFRSRLPDIYIPNHLPLHDYIFENISEFAAKPCLINGPTGEVYTYADVHVTSRKLAAGLHNLGVKQHDVVMILLPNSPEVVLTFLAASFIGAITTSANPFFTPAEISKQAKASAAKLIVTQSRYVDKIKNLQNDGVLIVTTDSDAIPENCLRFSELTQSEEPRVDSIPEKISPEDVVALPFSSGTTGLPKGVMLTHKGLVTSVAQQVDGENPNLYFNRDDVILCVLPMFHIYALNSIMLCSLRVGATILIMPKFEITLLLEQIQRCKVTVAMVVPPIVLAIAKSPETEKYDLSSVRMVKSGAAPLGKELEDAISAKFPNAKLGQGYGMTEAGPVLAMSLGFAKEPFPVKSGACGTVVRNAEMKILDPDTGDSLPRNKPGEICIRGNQIMKGYLNDPLATASTIDKDGWLHTGDVGFIDDDDELFIVDRLKELIKYKGFQVAPAELESLLIGHPEINDVAVVAMKEEDAGEVPVAFVVRSKDSNISEDEIKQFVSKQVVFYKRINKVFFTDSIPKAPSGKILRKDLRARLANGLMN,MTTQDVIVNDQNDQKQCSNDVIFRSRLPDIYIPNHLPLHDYIFENSSEFAAKPCLINGPTGEVYTYADVHVTSRKLAAGLHNLGVKQHDVVMILLPNSPEVVLTFLAASFIGAITTSANPFFTPAEISKQAKASAAKLIVTQSRYVDKIKNLQNDGVLIVTTDSDAIPENCLRFSELTQSEEPRVDSIPEKISPEDVVALPFSSGTTGLPKGVMLTHKGLVTSVAQQVDGENPNLYFNRDDVILCVLPMFHIYALNSIMLCSLRVGATILIMPKFEITLLLEQIQRCKVTVAMVVPPIVLAIAKSPETEKYDLSSVRMVKSGAAPLGKELEDAISAKFPNAKLGQGYGMTEAGPVLAMSLGFAKEPFPVKSGACGTVVRNAEMKILDPDTGDSLPRNKPGEICIRGNQIMKGYLNDPLATASTIDEDGWLHTGDVGFIDDDDELFIVDRLKELIKYKGFQVAPAELESLLIGHPEINDVAVVAMKEEDAGEVPVAFVVRSKDSNISEDEIKQFVSKQVVFYKRINKVFFTDSIPKAPSGKILRKDLRARLANGLMN,-0.2506300460355389,-13.958765029907228,-12.941434860229492,-9.849254608154297,-13.46489143371582,-12.300960540771484,-11.231595993041992,-7.201775550842285,-9.254419326782228,-3.91015625,-0.7558135986328125
"D39G,M317K,E330V",MTTQDVIVNDQNDQKQCSNDVIFRSRLPDIYIPNHLPLHDYIFENISEFAAKPCLINGPTGEVYTYADVHVTSRKLAAGLHNLGVKQHDVVMILLPNSPEVVLTFLAASFIGAITTSANPFFTPAEISKQAKASAAKLIVTQSRYVDKIKNLQNDGVLIVTTDSDAIPENCLRFSELTQSEEPRVDSIPEKISPEDVVALPFSSGTTGLPKGVMLTHKGLVTSVAQQVDGENPNLYFNRDDVILCVLPMFHIYALNSIMLCSLRVGATILIMPKFEITLLLEQIQRCKVTVAMVVPPIVLAIAKSPETEKYDLSSVRMVKSGAAPLGKELEDAISAKFPNAKLGQGYGMTEAGPVLAMSLGFAKEPFPVKSGACGTVVRNAEMKILDPDTGDSLPRNKPGEICIRGNQIMKGYLNDPLATASTIDKDGWLHTGDVGFIDDDDELFIVDRLKELIKYKGFQVAPAELESLLIGHPEINDVAVVAMKEEDAGEVPVAFVVRSKDSNISEDEIKQFVSKQVVFYKRINKVFFTDSIPKAPSGKILRKDLRARLANGLMN,MTTQDVIVNDQNDQKQCSNDVIFRSRLPDIYIPNHLPLHGYIFENISEFAAKPCLINGPTGEVYTYADVHVTSRKLAAGLHNLGVKQHDVVMILLPNSPEVVLTFLAASFIGAITTSANPFFTPAEISKQAKASAAKLIVTQSRYVDKIKNLQNDGVLIVTTDSDAIPENCLRFSELTQSEEPRVDSIPEKISPEDVVALPFSSGTTGLPKGVMLTHKGLVTSVAQQVDGENPNLYFNRDDVILCVLPMFHIYALNSIMLCSLRVGATILIMPKFEITLLLEQIQRCKVTVAMVVPPIVLAIAKSPETEKYDLSSVRKVKSGAAPLGKELVDAISAKFPNAKLGQGYGMTEAGPVLAMSLGFAKEPFPVKSGACGTVVRNAEMKILDPDTGDSLPRNKPGEICIRGNQIMKGYLNDPLATASTIDKDGWLHTGDVGFIDDDDELFIVDRLKELIKYKGFQVAPAELESLLIGHPEINDVAVVAMKEEDAGEVPVAFVVRSKDSNISEDEIKQFVSKQVVFYKRINKVFFTDSIPKAPSGKILRKDLRARLANGLMN,1.0233927660734503,-22.75925064086914,-19.34156990051269,-24.46269989013672,-21.92134475708008,-25.55643081665039,-12.676380157470703,-11.843435287475586,-9.263163566589355,-13.54296875,-2.763980865478516
"N414S,K543S",MTTQDVIVNDQNDQKQCSNDVIFRSRLPDIYIPNHLPLHDYIFENISEFAAKPCLINGPTGEVYTYADVHVTSRKLAAGLHNLGVKQHDVVMILLPNSPEVVLTFLAASFIGAITTSANPFFTPAEISKQAKASAAKLIVTQSRYVDKIKNLQNDGVLIVTTDSDAIPENCLRFSELTQSEEPRVDSIPEKISPEDVVALPFSSGTTGLPKGVMLTHKGLVTSVAQQVDGENPNLYFNRDDVILCVLPMFHIYALNSIMLCSLRVGATILIMPKFEITLLLEQIQRCKVTVAMVVPPIVLAIAKSPETEKYDLSSVRMVKSGAAPLGKELEDAISAKFPNAKLGQGYGMTEAGPVLAMSLGFAKEPFPVKSGACGTVVRNAEMKILDPDTGDSLPRNKPGEICIRGNQIMKGYLNDPLATASTIDKDGWLHTGDVGFIDDDDELFIVDRLKELIKYKGFQVAPAELESLLIGHPEINDVAVVAMKEEDAGEVPVAFVVRSKDSNISEDEIKQFVSKQVVFYKRINKVFFTDSIPKAPSGKILRKDLRARLANGLMN,MTTQDVIVNDQNDQKQCSNDVIFRSRLPDIYIPNHLPLHDYIFENISEFAAKPCLINGPTGEVYTYADVHVTSRKLAAGLHNLGVKQHDVVMILLPNSPEVVLTFLAASFIGAITTSANPFFTPAEISKQAKASAAKLIVTQSRYVDKIKNLQNDGVLIVTTDSDAIPENCLRFSELTQSEEPRVDSIPEKISPEDVVALPFSSGTTGLPKGVMLTHKGLVTSVAQQVDGENPNLYFNRDDVILCVLPMFHIYALNSIMLCSLRVGATILIMPKFEITLLLEQIQRCKVTVAMVVPPIVLAIAKSPETEKYDLSSVRMVKSGAAPLGKELEDAISAKFPNAKLGQGYGMTEAGPVLAMSLGFAKEPFPVKSGACGTVVRNAEMKILDPDTGDSLPRNKPGEICIRGNQIMKGYLSDPLATASTIDKDGWLHTGDVGFIDDDDELFIVDRLKELIKYKGFQVAPAELESLLIGHPEINDVAVVAMKEEDAGEVPVAFVVRSKDSNISEDEIKQFVSKQVVFYKRINKVFFTDSIPKAPSGKILRSDLRARLANGLMN,0.3691554414281795,-19.31763458251953,-21.237041473388672,-25.032054901123047,-19.59551239013672,-19.2254581451416,-16.386350631713867,-15.206522941589355,-14.895015716552734,-12.37890625,-2.6083576679229736
"M317K,N396K,R546G",MTTQDVIVNDQNDQKQCSNDVIFRSRLPDIYIPNHLPLHDYIFENISEFAAKPCLINGPTGEVYTYADVHVTSRKLAAGLHNLGVKQHDVVMILLPNSPEVVLTFLAASFIGAITTSANPFFTPAEISKQAKASAAKLIVTQSRYVDKIKNLQNDGVLIVTTDSDAIPENCLRFSELTQSEEPRVDSIPEKISPEDVVALPFSSGTTGLPKGVMLTHKGLVTSVAQQVDGENPNLYFNRDDVILCVLPMFHIYALNSIMLCSLRVGATILIMPKFEITLLLEQIQRCKVTVAMVVPPIVLAIAKSPETEKYDLSSVRMVKSGAAPLGKELEDAISAKFPNAKLGQGYGMTEAGPVLAMSLGFAKEPFPVKSGACGTVVRNAEMKILDPDTGDSLPRNKPGEICIRGNQIMKGYLNDPLATASTIDKDGWLHTGDVGFIDDDDELFIVDRLKELIKYKGFQVAPAELESLLIGHPEINDVAVVAMKEEDAGEVPVAFVVRSKDSNISEDEIKQFVSKQVVFYKRINKVFFTDSIPKAPSGKILRKDLRARLANGLMN,MTTQDVIVNDQNDQKQCSNDVIFRSRLPDIYIPNHLPLHDYIFENISEFAAKPCLINGPTGEVYTYADVHVTSRKLAAGLHNLGVKQHDVVMILLPNSPEVVLTFLAASFIGAITTSANPFFTPAEISKQAKASAAKLIVTQSRYVDKIKNLQNDGVLIVTTDSDAIPENCLRFSELTQSEEPRVDSIPEKISPEDVVALPFSSGTTGLPKGVMLTHKGLVTSVAQQVDGENPNLYFNRDDVILCVLPMFHIYALNSIMLCSLRVGATILIMPKFEITLLLEQIQRCKVTVAMVVPPIVLAIAKSPETEKYDLSSVRKVKSGAAPLGKELEDAISAKFPNAKLGQGYGMTEAGPVLAMSLGFAKEPFPVKSGACGTVVRNAEMKILDPDTGDSLPRKKPGEICIRGNQIMKGYLNDPLATASTIDKDGWLHTGDVGFIDDDDELFIVDRLKELIKYKGFQVAPAELESLLIGHPEINDVAVVAMKEEDAGEVPVAFVVRSKDSNISEDEIKQFVSKQVVFYKRINKVFFTDSIPKAPSGKILRKDLGARLANGLMN,0.0786065088087871,-30.51251602172852,-29.00420570373535,-28.056121826171875,-30.03032875061035,-28.86865234375,-20.379995346069336,-16.73461151123047,-14.915664672851562,-26.3671875,-5.352922201156616
"N414S,T422S",MTTQDVIVNDQNDQKQCSNDVIFRSRLPDIYIPNHLPLHDYIFENISEFAAKPCLINGPTGEVYTYADVHVTSRKLAAGLHNLGVKQHDVVMILLPNSPEVVLTFLAASFIGAITTSANPFFTPAEISKQAKASAAKLIVTQSRYVDKIKNLQNDGVLIVTTDSDAIPENCLRFSELTQSEEPRVDSIPEKISPEDVVALPFSSGTTGLPKGVMLTHKGLVTSVAQQVDGENPNLYFNRDDVILCVLPMFHIYALNSIMLCSLRVGATILIMPKFEITLLLEQIQRCKVTVAMVVPPIVLAIAKSPETEKYDLSSVRMVKSGAAPLGKELEDAISAKFPNAKLGQGYGMTEAGPVLAMSLGFAKEPFPVKSGACGTVVRNAEMKILDPDTGDSLPRNKPGEICIRGNQIMKGYLNDPLATASTIDKDGWLHTGDVGFIDDDDELFIVDRLKELIKYKGFQVAPAELESLLIGHPEINDVAVVAMKEEDAGEVPVAFVVRSKDSNISEDEIKQFVSKQVVFYKRINKVFFTDSIPKAPSGKILRKDLRARLANGLMN,MTTQDVIVNDQNDQKQCSNDVIFRSRLPDIYIPNHLPLHDYIFENISEFAAKPCLINGPTGEVYTYADVHVTSRKLAAGLHNLGVKQHDVVMILLPNSPEVVLTFLAASFIGAITTSANPFFTPAEISKQAKASAAKLIVTQSRYVDKIKNLQNDGVLIVTTDSDAIPENCLRFSELTQSEEPRVDSIPEKISPEDVVALPFSSGTTGLPKGVMLTHKGLVTSVAQQVDGENPNLYFNRDDVILCVLPMFHIYALNSIMLCSLRVGATILIMPKFEITLLLEQIQRCKVTVAMVVPPIVLAIAKSPETEKYDLSSVRMVKSGAAPLGKELEDAISAKFPNAKLGQGYGMTEAGPVLAMSLGFAKEPFPVKSGACGTVVRNAEMKILDPDTGDSLPRNKPGEICIRGNQIMKGYLSDPLATASSIDKDGWLHTGDVGFIDDDDELFIVDRLKELIKYKGFQVAPAELESLLIGHPEINDVAVVAMKEEDAGEVPVAFVVRSKDSNISEDEIKQFVSKQVVFYKRINKVFFTDSIPKAPSGKILRKDLRARLANGLMN,-0.2602091649235765,-16.422222137451172,-15.990951538085938,-17.664377212524414,-15.91480827331543,-17.60518455505371,-15.172531127929688,-13.096135139465332,-14.645172119140623,-6.09765625,-1.3790254592895508
"F109R,I166V,R546G",MTTQDVIVNDQNDQKQCSNDVIFRSRLPDIYIPNHLPLHDYIFENISEFAAKPCLINGPTGEVYTYADVHVTSRKLAAGLHNLGVKQHDVVMILLPNSPEVVLTFLAASFIGAITTSANPFFTPAEISKQAKASAAKLIVTQSRYVDKIKNLQNDGVLIVTTDSDAIPENCLRFSELTQSEEPRVDSIPEKISPEDVVALPFSSGTTGLPKGVMLTHKGLVTSVAQQVDGENPNLYFNRDDVILCVLPMFHIYALNSIMLCSLRVGATILIMPKFEITLLLEQIQRCKVTVAMVVPPIVLAIAKSPETEKYDLSSVRMVKSGAAPLGKELEDAISAKFPNAKLGQGYGMTEAGPVLAMSLGFAKEPFPVKSGACGTVVRNAEMKILDPDTGDSLPRNKPGEICIRGNQIMKGYLNDPLATASTIDKDGWLHTGDVGFIDDDDELFIVDRLKELIKYKGFQVAPAELESLLIGHPEINDVAVVAMKEEDAGEVPVAFVVRSKDSNISEDEIKQFVSKQVVFYKRINKVFFTDSIPKAPSGKILRKDLRARLANGLMN,MTTQDVIVNDQNDQKQCSNDVIFRSRLPDIYIPNHLPLHDYIFENISEFAAKPCLINGPTGEVYTYADVHVTSRKLAAGLHNLGVKQHDVVMILLPNSPEVVLTFLAASRIGAITTSANPFFTPAEISKQAKASAAKLIVTQSRYVDKIKNLQNDGVLIVTTDSDAVPENCLRFSELTQSEEPRVDSIPEKISPEDVVALPFSSGTTGLPKGVMLTHKGLVTSVAQQVDGENPNLYFNRDDVILCVLPMFHIYALNSIMLCSLRVGATILIMPKFEITLLLEQIQRCKVTVAMVVPPIVLAIAKSPETEKYDLSSVRMVKSGAAPLGKELEDAISAKFPNAKLGQGYGMTEAGPVLAMSLGFAKEPFPVKSGACGTVVRNAEMKILDPDTGDSLPRNKPGEICIRGNQIMKGYLNDPLATASTIDKDGWLHTGDVGFIDDDDELFIVDRLKELIKYKGFQVAPAELESLLIGHPEINDVAVVAMKEEDAGEVPVAFVVRSKDSNISEDEIKQFVSKQVVFYKRINKVFFTDSIPKAPSGKILRKDLGARLANGLMN,-0.3998840294478573,-19.01125717163086,-20.729877471923828,-18.18870735168457,-20.67050170898437,-21.17678451538086,-13.779023170471191,-11.865460395812988,-13.8861665725708,-22.2578125,-4.453293323516846
"N396K,K425E",MTTQDVIVNDQNDQKQCSNDVIFRSRLPDIYIPNHLPLHDYIFENISEFAAKPCLINGPTGEVYTYADVHVTSRKLAAGLHNLGVKQHDVVMILLPNSPEVVLTFLAASFIGAITTSANPFFTPAEISKQAKASAAKLIVTQSRYVDKIKNLQNDGVLIVTTDSDAIPENCLRFSELTQSEEPRVDSIPEKISPEDVVALPFSSGTTGLPKGVMLTHKGLVTSVAQQVDGENPNLYFNRDDVILCVLPMFHIYALNSIMLCSLRVGATILIMPKFEITLLLEQIQRCKVTVAMVVPPIVLAIAKSPETEKYDLSSVRMVKSGAAPLGKELEDAISAKFPNAKLGQGYGMTEAGPVLAMSLGFAKEPFPVKSGACGTVVRNAEMKILDPDTGDSLPRNKPGEICIRGNQIMKGYLNDPLATASTIDKDGWLHTGDVGFIDDDDELFIVDRLKELIKYKGFQVAPAELESLLIGHPEINDVAVVAMKEEDAGEVPVAFVVRSKDSNISEDEIKQFVSKQVVFYKRINKVFFTDSIPKAPSGKILRKDLRARLANGLMN,MTTQDVIVNDQNDQKQCSNDVIFRSRLPDIYIPNHLPLHDYIFENISEFAAKPCLINGPTGEVYTYADVHVTSRKLAAGLHNLGVKQHDVVMILLPNSPEVVLTFLAASFIGAITTSANPFFTPAEISKQAKASAAKLIVTQSRYVDKIKNLQNDGVLIVTTDSDAIPENCLRFSELTQSEEPRVDSIPEKISPEDVVALPFSSGTTGLPKGVMLTHKGLVTSVAQQVDGENPNLYFNRDDVILCVLPMFHIYALNSIMLCSLRVGATILIMPKFEITLLLEQIQRCKVTVAMVVPPIVLAIAKSPETEKYDLSSVRMVKSGAAPLGKELEDAISAKFPNAKLGQGYGMTEAGPVLAMSLGFAKEPFPVKSGACGTVVRNAEMKILDPDTGDSLPRKKPGEICIRGNQIMKGYLNDPLATASTIDEDGWLHTGDVGFIDDDDELFIVDRLKELIKYKGFQVAPAELESLLIGHPEINDVAVVAMKEEDAGEVPVAFVVRSKDSNISEDEIKQFVSKQVVFYKRINKVFFTDSIPKAPSGKILRKDLRARLANGLMN,0.032148371323502,-14.37909698486328,-13.751583099365234,-15.53244972229004,-14.977999687194824,-11.817703247070312,-12.310178756713867,-9.926109313964844,-9.2609224319458,-6.76171875,-1.358506202697754
"I166V,K425E,R546G",MTTQDVIVNDQNDQKQCSNDVIFRSRLPDIYIPNHLPLHDYIFENISEFAAKPCLINGPTGEVYTYADVHVTSRKLAAGLHNLGVKQHDVVMILLPNSPEVVLTFLAASFIGAITTSANPFFTPAEISKQAKASAAKLIVTQSRYVDKIKNLQNDGVLIVTTDSDAIPENCLRFSELTQSEEPRVDSIPEKISPEDVVALPFSSGTTGLPKGVMLTHKGLVTSVAQQVDGENPNLYFNRDDVILCVLPMFHIYALNSIMLCSLRVGATILIMPKFEITLLLEQIQRCKVTVAMVVPPIVLAIAKSPETEKYDLSSVRMVKSGAAPLGKELEDAISAKFPNAKLGQGYGMTEAGPVLAMSLGFAKEPFPVKSGACGTVVRNAEMKILDPDTGDSLPRNKPGEICIRGNQIMKGYLNDPLATASTIDKDGWLHTGDVGFIDDDDELFIVDRLKELIKYKGFQVAPAELESLLIGHPEINDVAVVAMKEEDAGEVPVAFVVRSKDSNISEDEIKQFVSKQVVFYKRINKVFFTDSIPKAPSGKILRKDLRARLANGLMN,MTTQDVIVNDQNDQKQCSNDVIFRSRLPDIYIPNHLPLHDYIFENISEFAAKPCLINGPTGEVYTYADVHVTSRKLAAGLHNLGVKQHDVVMILLPNSPEVVLTFLAASFIGAITTSANPFFTPAEISKQAKASAAKLIVTQSRYVDKIKNLQNDGVLIVTTDSDAVPENCLRFSELTQSEEPRVDSIPEKISPEDVVALPFSSGTTGLPKGVMLTHKGLVTSVAQQVDGENPNLYFNRDDVILCVLPMFHIYALNSIMLCSLRVGATILIMPKFEITLLLEQIQRCKVTVAMVVPPIVLAIAKSPETEKYDLSSVRMVKSGAAPLGKELEDAISAKFPNAKLGQGYGMTEAGPVLAMSLGFAKEPFPVKSGACGTVVRNAEMKILDPDTGDSLPRNKPGEICIRGNQIMKGYLNDPLATASTIDEDGWLHTGDVGFIDDDDELFIVDRLKELIKYKGFQVAPAELESLLIGHPEINDVAVVAMKEEDAGEVPVAFVVRSKDSNISEDEIKQFVSKQVVFYKRINKVFFTDSIPKAPSGKILRKDLGARLANGLMN,-0.4552379046458899,-20.917837142944336,-19.570045471191406,-19.490215301513672,-20.67366600036621,-18.32733154296875,-17.210613250732422,-13.033811569213867,-15.17234706878662,-17.05078125,-3.4423515796661377
"I166T,K425E,A550E",MTTQDVIVNDQNDQKQCSNDVIFRSRLPDIYIPNHLPLHDYIFENISEFAAKPCLINGPTGEVYTYADVHVTSRKLAAGLHNLGVKQHDVVMILLPNSPEVVLTFLAASFIGAITTSANPFFTPAEISKQAKASAAKLIVTQSRYVDKIKNLQNDGVLIVTTDSDAIPENCLRFSELTQSEEPRVDSIPEKISPEDVVALPFSSGTTGLPKGVMLTHKGLVTSVAQQVDGENPNLYFNRDDVILCVLPMFHIYALNSIMLCSLRVGATILIMPKFEITLLLEQIQRCKVTVAMVVPPIVLAIAKSPETEKYDLSSVRMVKSGAAPLGKELEDAISAKFPNAKLGQGYGMTEAGPVLAMSLGFAKEPFPVKSGACGTVVRNAEMKILDPDTGDSLPRNKPGEICIRGNQIMKGYLNDPLATASTIDKDGWLHTGDVGFIDDDDELFIVDRLKELIKYKGFQVAPAELESLLIGHPEINDVAVVAMKEEDAGEVPVAFVVRSKDSNISEDEIKQFVSKQVVFYKRINKVFFTDSIPKAPSGKILRKDLRARLANGLMN,MTTQDVIVNDQNDQKQCSNDVIFRSRLPDIYIPNHLPLHDYIFENISEFAAKPCLINGPTGEVYTYADVHVTSRKLAAGLHNLGVKQHDVVMILLPNSPEVVLTFLAASFIGAITTSANPFFTPAEISKQAKASAAKLIVTQSRYVDKIKNLQNDGVLIVTTDSDATPENCLRFSELTQSEEPRVDSIPEKISPEDVVALPFSSGTTGLPKGVMLTHKGLVTSVAQQVDGENPNLYFNRDDVILCVLPMFHIYALNSIMLCSLRVGATILIMPKFEITLLLEQIQRCKVTVAMVVPPIVLAIAKSPETEKYDLSSVRMVKSGAAPLGKELEDAISAKFPNAKLGQGYGMTEAGPVLAMSLGFAKEPFPVKSGACGTVVRNAEMKILDPDTGDSLPRNKPGEICIRGNQIMKGYLNDPLATASTIDEDGWLHTGDVGFIDDDDELFIVDRLKELIKYKGFQVAPAELESLLIGHPEINDVAVVAMKEEDAGEVPVAFVVRSKDSNISEDEIKQFVSKQVVFYKRINKVFFTDSIPKAPSGKILRKDLRARLENGLMN,-0.3731084480541738,-14.731188774108888,-15.3912353515625,-13.173595428466797,-13.976109504699709,-13.758844375610352,-11.008438110351562,-10.185723304748535,-12.859944343566896,-6.19921875,-1.2341313362121582
"F109R,I251T,M317K,E330V",MTTQDVIVNDQNDQKQCSNDVIFRSRLPDIYIPNHLPLHDYIFENISEFAAKPCLINGPTGEVYTYADVHVTSRKLAAGLHNLGVKQHDVVMILLPNSPEVVLTFLAASFIGAITTSANPFFTPAEISKQAKASAAKLIVTQSRYVDKIKNLQNDGVLIVTTDSDAIPENCLRFSELTQSEEPRVDSIPEKISPEDVVALPFSSGTTGLPKGVMLTHKGLVTSVAQQVDGENPNLYFNRDDVILCVLPMFHIYALNSIMLCSLRVGATILIMPKFEITLLLEQIQRCKVTVAMVVPPIVLAIAKSPETEKYDLSSVRMVKSGAAPLGKELEDAISAKFPNAKLGQGYGMTEAGPVLAMSLGFAKEPFPVKSGACGTVVRNAEMKILDPDTGDSLPRNKPGEICIRGNQIMKGYLNDPLATASTIDKDGWLHTGDVGFIDDDDELFIVDRLKELIKYKGFQVAPAELESLLIGHPEINDVAVVAMKEEDAGEVPVAFVVRSKDSNISEDEIKQFVSKQVVFYKRINKVFFTDSIPKAPSGKILRKDLRARLANGLMN,MTTQDVIVNDQNDQKQCSNDVIFRSRLPDIYIPNHLPLHDYIFENISEFAAKPCLINGPTGEVYTYADVHVTSRKLAAGLHNLGVKQHDVVMILLPNSPEVVLTFLAASRIGAITTSANPFFTPAEISKQAKASAAKLIVTQSRYVDKIKNLQNDGVLIVTTDSDAIPENCLRFSELTQSEEPRVDSIPEKISPEDVVALPFSSGTTGLPKGVMLTHKGLVTSVAQQVDGENPNLYFNRDDVILCVLPMFHTYALNSIMLCSLRVGATILIMPKFEITLLLEQIQRCKVTVAMVVPPIVLAIAKSPETEKYDLSSVRKVKSGAAPLGKELVDAISAKFPNAKLGQGYGMTEAGPVLAMSLGFAKEPFPVKSGACGTVVRNAEMKILDPDTGDSLPRNKPGEICIRGNQIMKGYLNDPLATASTIDKDGWLHTGDVGFIDDDDELFIVDRLKELIKYKGFQVAPAELESLLIGHPEINDVAVVAMKEEDAGEVPVAFVVRSKDSNISEDEIKQFVSKQVVFYKRINKVFFTDSIPKAPSGKILRKDLRARLANGLMN,0.3892327090606708,-30.14081573486328,-30.145063400268555,-32.53022384643555,-32.72288513183594,-41.44982147216797,-16.666446685791016,-15.890531539916992,-14.824979782104492,-19.23046875,-3.8336105346679688
"F109K,V184G,E330V,I504L",MTTQDVIVNDQNDQKQCSNDVIFRSRLPDIYIPNHLPLHDYIFENISEFAAKPCLINGPTGEVYTYADVHVTSRKLAAGLHNLGVKQHDVVMILLPNSPEVVLTFLAASFIGAITTSANPFFTPAEISKQAKASAAKLIVTQSRYVDKIKNLQNDGVLIVTTDSDAIPENCLRFSELTQSEEPRVDSIPEKISPEDVVALPFSSGTTGLPKGVMLTHKGLVTSVAQQVDGENPNLYFNRDDVILCVLPMFHIYALNSIMLCSLRVGATILIMPKFEITLLLEQIQRCKVTVAMVVPPIVLAIAKSPETEKYDLSSVRMVKSGAAPLGKELEDAISAKFPNAKLGQGYGMTEAGPVLAMSLGFAKEPFPVKSGACGTVVRNAEMKILDPDTGDSLPRNKPGEICIRGNQIMKGYLNDPLATASTIDKDGWLHTGDVGFIDDDDELFIVDRLKELIKYKGFQVAPAELESLLIGHPEINDVAVVAMKEEDAGEVPVAFVVRSKDSNISEDEIKQFVSKQVVFYKRINKVFFTDSIPKAPSGKILRKDLRARLANGLMN,MTTQDVIVNDQNDQKQCSNDVIFRSRLPDIYIPNHLPLHDYIFENISEFAAKPCLINGPTGEVYTYADVHVTSRKLAAGLHNLGVKQHDVVMILLPNSPEVVLTFLAASKIGAITTSANPFFTPAEISKQAKASAAKLIVTQSRYVDKIKNLQNDGVLIVTTDSDAIPENCLRFSELTQSEEPRGDSIPEKISPEDVVALPFSSGTTGLPKGVMLTHKGLVTSVAQQVDGENPNLYFNRDDVILCVLPMFHIYALNSIMLCSLRVGATILIMPKFEITLLLEQIQRCKVTVAMVVPPIVLAIAKSPETEKYDLSSVRMVKSGAAPLGKELVDAISAKFPNAKLGQGYGMTEAGPVLAMSLGFAKEPFPVKSGACGTVVRNAEMKILDPDTGDSLPRNKPGEICIRGNQIMKGYLNDPLATASTIDKDGWLHTGDVGFIDDDDELFIVDRLKELIKYKGFQVAPAELESLLIGHPEINDVAVVAMKEEDAGEVPVAFVVRSKDSNLSEDEIKQFVSKQVVFYKRINKVFFTDSIPKAPSGKILRKDLRARLANGLMN,-0.3342617629694755,-23.7729721069336,-21.982650756835938,-23.331933975219727,-23.257999420166016,-28.504653930664062,-14.289351463317873,-12.492964744567873,-13.261273384094238,-12.3671875,-2.381743907928467
"F109K,V245G,E364G,S531A",MTTQDVIVNDQNDQKQCSNDVIFRSRLPDIYIPNHLPLHDYIFENISEFAAKPCLINGPTGEVYTYADVHVTSRKLAAGLHNLGVKQHDVVMILLPNSPEVVLTFLAASFIGAITTSANPFFTPAEISKQAKASAAKLIVTQSRYVDKIKNLQNDGVLIVTTDSDAIPENCLRFSELTQSEEPRVDSIPEKISPEDVVALPFSSGTTGLPKGVMLTHKGLVTSVAQQVDGENPNLYFNRDDVILCVLPMFHIYALNSIMLCSLRVGATILIMPKFEITLLLEQIQRCKVTVAMVVPPIVLAIAKSPETEKYDLSSVRMVKSGAAPLGKELEDAISAKFPNAKLGQGYGMTEAGPVLAMSLGFAKEPFPVKSGACGTVVRNAEMKILDPDTGDSLPRNKPGEICIRGNQIMKGYLNDPLATASTIDKDGWLHTGDVGFIDDDDELFIVDRLKELIKYKGFQVAPAELESLLIGHPEINDVAVVAMKEEDAGEVPVAFVVRSKDSNISEDEIKQFVSKQVVFYKRINKVFFTDSIPKAPSGKILRKDLRARLANGLMN,MTTQDVIVNDQNDQKQCSNDVIFRSRLPDIYIPNHLPLHDYIFENISEFAAKPCLINGPTGEVYTYADVHVTSRKLAAGLHNLGVKQHDVVMILLPNSPEVVLTFLAASKIGAITTSANPFFTPAEISKQAKASAAKLIVTQSRYVDKIKNLQNDGVLIVTTDSDAIPENCLRFSELTQSEEPRVDSIPEKISPEDVVALPFSSGTTGLPKGVMLTHKGLVTSVAQQVDGENPNLYFNRDDVILCGLPMFHIYALNSIMLCSLRVGATILIMPKFEITLLLEQIQRCKVTVAMVVPPIVLAIAKSPETEKYDLSSVRMVKSGAAPLGKELEDAISAKFPNAKLGQGYGMTEAGPVLAMSLGFAKGPFPVKSGACGTVVRNAEMKILDPDTGDSLPRNKPGEICIRGNQIMKGYLNDPLATASTIDKDGWLHTGDVGFIDDDDELFIVDRLKELIKYKGFQVAPAELESLLIGHPEINDVAVVAMKEEDAGEVPVAFVVRSKDSNISEDEIKQFVSKQVVFYKRINKVFFTDAIPKAPSGKILRKDLRARLANGLMN,-0.3467040133332733,-29.592214584350582,-30.892297744750977,-26.911340713500977,-30.761877059936523,-33.77354431152344,-18.390077590942383,-17.776796340942383,-19.88999557495117,-13.6552734375,-2.7517106533050537
"K425E,A550E",MTTQDVIVNDQNDQKQCSNDVIFRSRLPDIYIPNHLPLHDYIFENISEFAAKPCLINGPTGEVYTYADVHVTSRKLAAGLHNLGVKQHDVVMILLPNSPEVVLTFLAASFIGAITTSANPFFTPAEISKQAKASAAKLIVTQSRYVDKIKNLQNDGVLIVTTDSDAIPENCLRFSELTQSEEPRVDSIPEKISPEDVVALPFSSGTTGLPKGVMLTHKGLVTSVAQQVDGENPNLYFNRDDVILCVLPMFHIYALNSIMLCSLRVGATILIMPKFEITLLLEQIQRCKVTVAMVVPPIVLAIAKSPETEKYDLSSVRMVKSGAAPLGKELEDAISAKFPNAKLGQGYGMTEAGPVLAMSLGFAKEPFPVKSGACGTVVRNAEMKILDPDTGDSLPRNKPGEICIRGNQIMKGYLNDPLATASTIDKDGWLHTGDVGFIDDDDELFIVDRLKELIKYKGFQVAPAELESLLIGHPEINDVAVVAMKEEDAGEVPVAFVVRSKDSNISEDEIKQFVSKQVVFYKRINKVFFTDSIPKAPSGKILRKDLRARLANGLMN,MTTQDVIVNDQNDQKQCSNDVIFRSRLPDIYIPNHLPLHDYIFENISEFAAKPCLINGPTGEVYTYADVHVTSRKLAAGLHNLGVKQHDVVMILLPNSPEVVLTFLAASFIGAITTSANPFFTPAEISKQAKASAAKLIVTQSRYVDKIKNLQNDGVLIVTTDSDAIPENCLRFSELTQSEEPRVDSIPEKISPEDVVALPFSSGTTGLPKGVMLTHKGLVTSVAQQVDGENPNLYFNRDDVILCVLPMFHIYALNSIMLCSLRVGATILIMPKFEITLLLEQIQRCKVTVAMVVPPIVLAIAKSPETEKYDLSSVRMVKSGAAPLGKELEDAISAKFPNAKLGQGYGMTEAGPVLAMSLGFAKEPFPVKSGACGTVVRNAEMKILDPDTGDSLPRNKPGEICIRGNQIMKGYLNDPLATASTIDEDGWLHTGDVGFIDDDDELFIVDRLKELIKYKGFQVAPAELESLLIGHPEINDVAVVAMKEEDAGEVPVAFVVRSKDSNISEDEIKQFVSKQVVFYKRINKVFFTDSIPKAPSGKILRKDLRARLENGLMN,-1.1285097515096412,-11.32284164428711,-11.588281631469728,-10.383875846862791,-9.437844276428224,-10.951778411865234,-7.7212066650390625,-6.554408073425293,-7.756629943847656,-2.47265625,-0.482560396194458
"V7D,Q129L,M317K,S531A",MTTQDVIVNDQNDQKQCSNDVIFRSRLPDIYIPNHLPLHDYIFENISEFAAKPCLINGPTGEVYTYADVHVTSRKLAAGLHNLGVKQHDVVMILLPNSPEVVLTFLAASFIGAITTSANPFFTPAEISKQAKASAAKLIVTQSRYVDKIKNLQNDGVLIVTTDSDAIPENCLRFSELTQSEEPRVDSIPEKISPEDVVALPFSSGTTGLPKGVMLTHKGLVTSVAQQVDGENPNLYFNRDDVILCVLPMFHIYALNSIMLCSLRVGATILIMPKFEITLLLEQIQRCKVTVAMVVPPIVLAIAKSPETEKYDLSSVRMVKSGAAPLGKELEDAISAKFPNAKLGQGYGMTEAGPVLAMSLGFAKEPFPVKSGACGTVVRNAEMKILDPDTGDSLPRNKPGEICIRGNQIMKGYLNDPLATASTIDKDGWLHTGDVGFIDDDDELFIVDRLKELIKYKGFQVAPAELESLLIGHPEINDVAVVAMKEEDAGEVPVAFVVRSKDSNISEDEIKQFVSKQVVFYKRINKVFFTDSIPKAPSGKILRKDLRARLANGLMN,MTTQDVIDNDQNDQKQCSNDVIFRSRLPDIYIPNHLPLHDYIFENISEFAAKPCLINGPTGEVYTYADVHVTSRKLAAGLHNLGVKQHDVVMILLPNSPEVVLTFLAASFIGAITTSANPFFTPAEISKLAKASAAKLIVTQSRYVDKIKNLQNDGVLIVTTDSDAIPENCLRFSELTQSEEPRVDSIPEKISPEDVVALPFSSGTTGLPKGVMLTHKGLVTSVAQQVDGENPNLYFNRDDVILCVLPMFHIYALNSIMLCSLRVGATILIMPKFEITLLLEQIQRCKVTVAMVVPPIVLAIAKSPETEKYDLSSVRKVKSGAAPLGKELEDAISAKFPNAKLGQGYGMTEAGPVLAMSLGFAKEPFPVKSGACGTVVRNAEMKILDPDTGDSLPRNKPGEICIRGNQIMKGYLNDPLATASTIDKDGWLHTGDVGFIDDDDELFIVDRLKELIKYKGFQVAPAELESLLIGHPEINDVAVVAMKEEDAGEVPVAFVVRSKDSNISEDEIKQFVSKQVVFYKRINKVFFTDAIPKAPSGKILRKDLRARLANGLMN,-1.0264444164941122,-27.439733505249023,-26.619962692260746,-24.07099723815918,-27.13504219055176,-28.174707412719727,-19.80442237854004,-17.271814346313477,-18.52555084228516,-12.1484375,-2.4828927516937256
"F109R,A550E",MTTQDVIVNDQNDQKQCSNDVIFRSRLPDIYIPNHLPLHDYIFENISEFAAKPCLINGPTGEVYTYADVHVTSRKLAAGLHNLGVKQHDVVMILLPNSPEVVLTFLAASFIGAITTSANPFFTPAEISKQAKASAAKLIVTQSRYVDKIKNLQNDGVLIVTTDSDAIPENCLRFSELTQSEEPRVDSIPEKISPEDVVALPFSSGTTGLPKGVMLTHKGLVTSVAQQVDGENPNLYFNRDDVILCVLPMFHIYALNSIMLCSLRVGATILIMPKFEITLLLEQIQRCKVTVAMVVPPIVLAIAKSPETEKYDLSSVRMVKSGAAPLGKELEDAISAKFPNAKLGQGYGMTEAGPVLAMSLGFAKEPFPVKSGACGTVVRNAEMKILDPDTGDSLPRNKPGEICIRGNQIMKGYLNDPLATASTIDKDGWLHTGDVGFIDDDDELFIVDRLKELIKYKGFQVAPAELESLLIGHPEINDVAVVAMKEEDAGEVPVAFVVRSKDSNISEDEIKQFVSKQVVFYKRINKVFFTDSIPKAPSGKILRKDLRARLANGLMN,MTTQDVIVNDQNDQKQCSNDVIFRSRLPDIYIPNHLPLHDYIFENISEFAAKPCLINGPTGEVYTYADVHVTSRKLAAGLHNLGVKQHDVVMILLPNSPEVVLTFLAASRIGAITTSANPFFTPAEISKQAKASAAKLIVTQSRYVDKIKNLQNDGVLIVTTDSDAIPENCLRFSELTQSEEPRVDSIPEKISPEDVVALPFSSGTTGLPKGVMLTHKGLVTSVAQQVDGENPNLYFNRDDVILCVLPMFHIYALNSIMLCSLRVGATILIMPKFEITLLLEQIQRCKVTVAMVVPPIVLAIAKSPETEKYDLSSVRMVKSGAAPLGKELEDAISAKFPNAKLGQGYGMTEAGPVLAMSLGFAKEPFPVKSGACGTVVRNAEMKILDPDTGDSLPRNKPGEICIRGNQIMKGYLNDPLATASTIDKDGWLHTGDVGFIDDDDELFIVDRLKELIKYKGFQVAPAELESLLIGHPEINDVAVVAMKEEDAGEVPVAFVVRSKDSNISEDEIKQFVSKQVVFYKRINKVFFTDSIPKAPSGKILRKDLRARLENGLMN,-1.088031199308106,-9.416261672973633,-12.74811553955078,-9.082368850708008,-9.43467903137207,-13.801231384277344,-4.289616584777832,-5.3860578536987305,-6.470449447631836,-7.6796875,-1.493502140045166
"D12G,M317K,N396K,I523V",MTTQDVIVNDQNDQKQCSNDVIFRSRLPDIYIPNHLPLHDYIFENISEFAAKPCLINGPTGEVYTYADVHVTSRKLAAGLHNLGVKQHDVVMILLPNSPEVVLTFLAASFIGAITTSANPFFTPAEISKQAKASAAKLIVTQSRYVDKIKNLQNDGVLIVTTDSDAIPENCLRFSELTQSEEPRVDSIPEKISPEDVVALPFSSGTTGLPKGVMLTHKGLVTSVAQQVDGENPNLYFNRDDVILCVLPMFHIYALNSIMLCSLRVGATILIMPKFEITLLLEQIQRCKVTVAMVVPPIVLAIAKSPETEKYDLSSVRMVKSGAAPLGKELEDAISAKFPNAKLGQGYGMTEAGPVLAMSLGFAKEPFPVKSGACGTVVRNAEMKILDPDTGDSLPRNKPGEICIRGNQIMKGYLNDPLATASTIDKDGWLHTGDVGFIDDDDELFIVDRLKELIKYKGFQVAPAELESLLIGHPEINDVAVVAMKEEDAGEVPVAFVVRSKDSNISEDEIKQFVSKQVVFYKRINKVFFTDSIPKAPSGKILRKDLRARLANGLMN,MTTQDVIVNDQNGQKQCSNDVIFRSRLPDIYIPNHLPLHDYIFENISEFAAKPCLINGPTGEVYTYADVHVTSRKLAAGLHNLGVKQHDVVMILLPNSPEVVLTFLAASFIGAITTSANPFFTPAEISKQAKASAAKLIVTQSRYVDKIKNLQNDGVLIVTTDSDAIPENCLRFSELTQSEEPRVDSIPEKISPEDVVALPFSSGTTGLPKGVMLTHKGLVTSVAQQVDGENPNLYFNRDDVILCVLPMFHIYALNSIMLCSLRVGATILIMPKFEITLLLEQIQRCKVTVAMVVPPIVLAIAKSPETEKYDLSSVRKVKSGAAPLGKELEDAISAKFPNAKLGQGYGMTEAGPVLAMSLGFAKEPFPVKSGACGTVVRNAEMKILDPDTGDSLPRKKPGEICIRGNQIMKGYLNDPLATASTIDKDGWLHTGDVGFIDDDDELFIVDRLKELIKYKGFQVAPAELESLLIGHPEINDVAVVAMKEEDAGEVPVAFVVRSKDSNISEDEIKQFVSKQVVFYKRVNKVFFTDSIPKAPSGKILRKDLRARLANGLMN,-0.2288384342478079,-26.936119079589844,-26.419708251953125,-26.371944427490234,-26.52637481689453,-25.83993530273437,-18.18663024902344,-17.805458068847656,-13.869223594665527,-16.99609375,-3.3951425552368164
"F109K,I270L,N396K,I540T",MTTQDVIVNDQNDQKQCSNDVIFRSRLPDIYIPNHLPLHDYIFENISEFAAKPCLINGPTGEVYTYADVHVTSRKLAAGLHNLGVKQHDVVMILLPNSPEVVLTFLAASFIGAITTSANPFFTPAEISKQAKASAAKLIVTQSRYVDKIKNLQNDGVLIVTTDSDAIPENCLRFSELTQSEEPRVDSIPEKISPEDVVALPFSSGTTGLPKGVMLTHKGLVTSVAQQVDGENPNLYFNRDDVILCVLPMFHIYALNSIMLCSLRVGATILIMPKFEITLLLEQIQRCKVTVAMVVPPIVLAIAKSPETEKYDLSSVRMVKSGAAPLGKELEDAISAKFPNAKLGQGYGMTEAGPVLAMSLGFAKEPFPVKSGACGTVVRNAEMKILDPDTGDSLPRNKPGEICIRGNQIMKGYLNDPLATASTIDKDGWLHTGDVGFIDDDDELFIVDRLKELIKYKGFQVAPAELESLLIGHPEINDVAVVAMKEEDAGEVPVAFVVRSKDSNISEDEIKQFVSKQVVFYKRINKVFFTDSIPKAPSGKILRKDLRARLANGLMN,MTTQDVIVNDQNDQKQCSNDVIFRSRLPDIYIPNHLPLHDYIFENISEFAAKPCLINGPTGEVYTYADVHVTSRKLAAGLHNLGVKQHDVVMILLPNSPEVVLTFLAASKIGAITTSANPFFTPAEISKQAKASAAKLIVTQSRYVDKIKNLQNDGVLIVTTDSDAIPENCLRFSELTQSEEPRVDSIPEKISPEDVVALPFSSGTTGLPKGVMLTHKGLVTSVAQQVDGENPNLYFNRDDVILCVLPMFHIYALNSIMLCSLRVGATILLMPKFEITLLLEQIQRCKVTVAMVVPPIVLAIAKSPETEKYDLSSVRMVKSGAAPLGKELEDAISAKFPNAKLGQGYGMTEAGPVLAMSLGFAKEPFPVKSGACGTVVRNAEMKILDPDTGDSLPRKKPGEICIRGNQIMKGYLNDPLATASTIDKDGWLHTGDVGFIDDDDELFIVDRLKELIKYKGFQVAPAELESLLIGHPEINDVAVVAMKEEDAGEVPVAFVVRSKDSNISEDEIKQFVSKQVVFYKRINKVFFTDSIPKAPSGKTLRKDLRARLANGLMN,-0.1858914621114032,-30.30720901489257,-26.953330993652344,-34.45957946777344,-33.574302673339844,-33.920753479003906,-22.545753479003903,-21.99631118774414,-20.01606559753418,-21.595703125,-4.303385972976685
"F109R,K425E",MTTQDVIVNDQNDQKQCSNDVIFRSRLPDIYIPNHLPLHDYIFENISEFAAKPCLINGPTGEVYTYADVHVTSRKLAAGLHNLGVKQHDVVMILLPNSPEVVLTFLAASFIGAITTSANPFFTPAEISKQAKASAAKLIVTQSRYVDKIKNLQNDGVLIVTTDSDAIPENCLRFSELTQSEEPRVDSIPEKISPEDVVALPFSSGTTGLPKGVMLTHKGLVTSVAQQVDGENPNLYFNRDDVILCVLPMFHIYALNSIMLCSLRVGATILIMPKFEITLLLEQIQRCKVTVAMVVPPIVLAIAKSPETEKYDLSSVRMVKSGAAPLGKELEDAISAKFPNAKLGQGYGMTEAGPVLAMSLGFAKEPFPVKSGACGTVVRNAEMKILDPDTGDSLPRNKPGEICIRGNQIMKGYLNDPLATASTIDKDGWLHTGDVGFIDDDDELFIVDRLKELIKYKGFQVAPAELESLLIGHPEINDVAVVAMKEEDAGEVPVAFVVRSKDSNISEDEIKQFVSKQVVFYKRINKVFFTDSIPKAPSGKILRKDLRARLANGLMN,MTTQDVIVNDQNDQKQCSNDVIFRSRLPDIYIPNHLPLHDYIFENISEFAAKPCLINGPTGEVYTYADVHVTSRKLAAGLHNLGVKQHDVVMILLPNSPEVVLTFLAASRIGAITTSANPFFTPAEISKQAKASAAKLIVTQSRYVDKIKNLQNDGVLIVTTDSDAIPENCLRFSELTQSEEPRVDSIPEKISPEDVVALPFSSGTTGLPKGVMLTHKGLVTSVAQQVDGENPNLYFNRDDVILCVLPMFHIYALNSIMLCSLRVGATILIMPKFEITLLLEQIQRCKVTVAMVVPPIVLAIAKSPETEKYDLSSVRMVKSGAAPLGKELEDAISAKFPNAKLGQGYGMTEAGPVLAMSLGFAKEPFPVKSGACGTVVRNAEMKILDPDTGDSLPRNKPGEICIRGNQIMKGYLNDPLATASTIDEDGWLHTGDVGFIDDDDELFIVDRLKELIKYKGFQVAPAELESLLIGHPEINDVAVVAMKEEDAGEVPVAFVVRSKDSNISEDEIKQFVSKQVVFYKRINKVFFTDSIPKAPSGKILRKDLRARLANGLMN,-0.4215990554142086,-9.3814058303833,-10.794158935546877,-8.979493141174316,-10.375030517578123,-13.020535469055176,-7.569643020629883,-6.105466842651367,-6.805019378662109,-7.68359375,-1.461210012435913
"K425E,R546G",MTTQDVIVNDQNDQKQCSNDVIFRSRLPDIYIPNHLPLHDYIFENISEFAAKPCLINGPTGEVYTYADVHVTSRKLAAGLHNLGVKQHDVVMILLPNSPEVVLTFLAASFIGAITTSANPFFTPAEISKQAKASAAKLIVTQSRYVDKIKNLQNDGVLIVTTDSDAIPENCLRFSELTQSEEPRVDSIPEKISPEDVVALPFSSGTTGLPKGVMLTHKGLVTSVAQQVDGENPNLYFNRDDVILCVLPMFHIYALNSIMLCSLRVGATILIMPKFEITLLLEQIQRCKVTVAMVVPPIVLAIAKSPETEKYDLSSVRMVKSGAAPLGKELEDAISAKFPNAKLGQGYGMTEAGPVLAMSLGFAKEPFPVKSGACGTVVRNAEMKILDPDTGDSLPRNKPGEICIRGNQIMKGYLNDPLATASTIDKDGWLHTGDVGFIDDDDELFIVDRLKELIKYKGFQVAPAELESLLIGHPEINDVAVVAMKEEDAGEVPVAFVVRSKDSNISEDEIKQFVSKQVVFYKRINKVFFTDSIPKAPSGKILRKDLRARLANGLMN,MTTQDVIVNDQNDQKQCSNDVIFRSRLPDIYIPNHLPLHDYIFENISEFAAKPCLINGPTGEVYTYADVHVTSRKLAAGLHNLGVKQHDVVMILLPNSPEVVLTFLAASFIGAITTSANPFFTPAEISKQAKASAAKLIVTQSRYVDKIKNLQNDGVLIVTTDSDAIPENCLRFSELTQSEEPRVDSIPEKISPEDVVALPFSSGTTGLPKGVMLTHKGLVTSVAQQVDGENPNLYFNRDDVILCVLPMFHIYALNSIMLCSLRVGATILIMPKFEITLLLEQIQRCKVTVAMVVPPIVLAIAKSPETEKYDLSSVRMVKSGAAPLGKELEDAISAKFPNAKLGQGYGMTEAGPVLAMSLGFAKEPFPVKSGACGTVVRNAEMKILDPDTGDSLPRNKPGEICIRGNQIMKGYLNDPLATASTIDEDGWLHTGDVGFIDDDDELFIVDRLKELIKYKGFQVAPAELESLLIGHPEINDVAVVAMKEEDAGEVPVAFVVRSKDSNISEDEIKQFVSKQVVFYKRINKVFFTDSIPKAPSGKILRKDLGARLANGLMN,-1.2656337190606686,-18.372743606567383,-16.67795181274414,-16.513282775878906,-17.578216552734375,-16.103002548217773,-15.225255966186523,-10.51176929473877,-12.122215270996094,-14.36328125,-2.9148006439208984
"I270L,K425E,I540T,R546G",MTTQDVIVNDQNDQKQCSNDVIFRSRLPDIYIPNHLPLHDYIFENISEFAAKPCLINGPTGEVYTYADVHVTSRKLAAGLHNLGVKQHDVVMILLPNSPEVVLTFLAASFIGAITTSANPFFTPAEISKQAKASAAKLIVTQSRYVDKIKNLQNDGVLIVTTDSDAIPENCLRFSELTQSEEPRVDSIPEKISPEDVVALPFSSGTTGLPKGVMLTHKGLVTSVAQQVDGENPNLYFNRDDVILCVLPMFHIYALNSIMLCSLRVGATILIMPKFEITLLLEQIQRCKVTVAMVVPPIVLAIAKSPETEKYDLSSVRMVKSGAAPLGKELEDAISAKFPNAKLGQGYGMTEAGPVLAMSLGFAKEPFPVKSGACGTVVRNAEMKILDPDTGDSLPRNKPGEICIRGNQIMKGYLNDPLATASTIDKDGWLHTGDVGFIDDDDELFIVDRLKELIKYKGFQVAPAELESLLIGHPEINDVAVVAMKEEDAGEVPVAFVVRSKDSNISEDEIKQFVSKQVVFYKRINKVFFTDSIPKAPSGKILRKDLRARLANGLMN,MTTQDVIVNDQNDQKQCSNDVIFRSRLPDIYIPNHLPLHDYIFENISEFAAKPCLINGPTGEVYTYADVHVTSRKLAAGLHNLGVKQHDVVMILLPNSPEVVLTFLAASFIGAITTSANPFFTPAEISKQAKASAAKLIVTQSRYVDKIKNLQNDGVLIVTTDSDAIPENCLRFSELTQSEEPRVDSIPEKISPEDVVALPFSSGTTGLPKGVMLTHKGLVTSVAQQVDGENPNLYFNRDDVILCVLPMFHIYALNSIMLCSLRVGATILLMPKFEITLLLEQIQRCKVTVAMVVPPIVLAIAKSPETEKYDLSSVRMVKSGAAPLGKELEDAISAKFPNAKLGQGYGMTEAGPVLAMSLGFAKEPFPVKSGACGTVVRNAEMKILDPDTGDSLPRNKPGEICIRGNQIMKGYLNDPLATASTIDEDGWLHTGDVGFIDDDDELFIVDRLKELIKYKGFQVAPAELESLLIGHPEINDVAVVAMKEEDAGEVPVAFVVRSKDSNISEDEIKQFVSKQVVFYKRINKVFFTDSIPKAPSGKTLRKDLGARLANGLMN,-1.221661675161338,-33.51795196533203,-28.93525123596192,-35.148197174072266,-33.80194091796875,-33.02472305297852,-27.782909393310547,-23.07843780517578,-23.703777313232425,-25.830078125,-5.218965768814087
"F109L,Q129L,N396K",MTTQDVIVNDQNDQKQCSNDVIFRSRLPDIYIPNHLPLHDYIFENISEFAAKPCLINGPTGEVYTYADVHVTSRKLAAGLHNLGVKQHDVVMILLPNSPEVVLTFLAASFIGAITTSANPFFTPAEISKQAKASAAKLIVTQSRYVDKIKNLQNDGVLIVTTDSDAIPENCLRFSELTQSEEPRVDSIPEKISPEDVVALPFSSGTTGLPKGVMLTHKGLVTSVAQQVDGENPNLYFNRDDVILCVLPMFHIYALNSIMLCSLRVGATILIMPKFEITLLLEQIQRCKVTVAMVVPPIVLAIAKSPETEKYDLSSVRMVKSGAAPLGKELEDAISAKFPNAKLGQGYGMTEAGPVLAMSLGFAKEPFPVKSGACGTVVRNAEMKILDPDTGDSLPRNKPGEICIRGNQIMKGYLNDPLATASTIDKDGWLHTGDVGFIDDDDELFIVDRLKELIKYKGFQVAPAELESLLIGHPEINDVAVVAMKEEDAGEVPVAFVVRSKDSNISEDEIKQFVSKQVVFYKRINKVFFTDSIPKAPSGKILRKDLRARLANGLMN,MTTQDVIVNDQNDQKQCSNDVIFRSRLPDIYIPNHLPLHDYIFENISEFAAKPCLINGPTGEVYTYADVHVTSRKLAAGLHNLGVKQHDVVMILLPNSPEVVLTFLAASLIGAITTSANPFFTPAEISKLAKASAAKLIVTQSRYVDKIKNLQNDGVLIVTTDSDAIPENCLRFSELTQSEEPRVDSIPEKISPEDVVALPFSSGTTGLPKGVMLTHKGLVTSVAQQVDGENPNLYFNRDDVILCVLPMFHIYALNSIMLCSLRVGATILIMPKFEITLLLEQIQRCKVTVAMVVPPIVLAIAKSPETEKYDLSSVRMVKSGAAPLGKELEDAISAKFPNAKLGQGYGMTEAGPVLAMSLGFAKEPFPVKSGACGTVVRNAEMKILDPDTGDSLPRKKPGEICIRGNQIMKGYLNDPLATASTIDKDGWLHTGDVGFIDDDDELFIVDRLKELIKYKGFQVAPAELESLLIGHPEINDVAVVAMKEEDAGEVPVAFVVRSKDSNISEDEIKQFVSKQVVFYKRINKVFFTDSIPKAPSGKILRKDLRARLANGLMN,-1.0992539677470432,-22.64310646057129,-27.96521759033203,-25.974699020385746,-25.08011054992676,-22.27157592773437,-16.266895294189453,-15.175719261169434,-16.831401824951172,-8.7802734375,-1.8364596366882324
"F109R,R546G",MTTQDVIVNDQNDQKQCSNDVIFRSRLPDIYIPNHLPLHDYIFENISEFAAKPCLINGPTGEVYTYADVHVTSRKLAAGLHNLGVKQHDVVMILLPNSPEVVLTFLAASFIGAITTSANPFFTPAEISKQAKASAAKLIVTQSRYVDKIKNLQNDGVLIVTTDSDAIPENCLRFSELTQSEEPRVDSIPEKISPEDVVALPFSSGTTGLPKGVMLTHKGLVTSVAQQVDGENPNLYFNRDDVILCVLPMFHIYALNSIMLCSLRVGATILIMPKFEITLLLEQIQRCKVTVAMVVPPIVLAIAKSPETEKYDLSSVRMVKSGAAPLGKELEDAISAKFPNAKLGQGYGMTEAGPVLAMSLGFAKEPFPVKSGACGTVVRNAEMKILDPDTGDSLPRNKPGEICIRGNQIMKGYLNDPLATASTIDKDGWLHTGDVGFIDDDDELFIVDRLKELIKYKGFQVAPAELESLLIGHPEINDVAVVAMKEEDAGEVPVAFVVRSKDSNISEDEIKQFVSKQVVFYKRINKVFFTDSIPKAPSGKILRKDLRARLANGLMN,MTTQDVIVNDQNDQKQCSNDVIFRSRLPDIYIPNHLPLHDYIFENISEFAAKPCLINGPTGEVYTYADVHVTSRKLAAGLHNLGVKQHDVVMILLPNSPEVVLTFLAASRIGAITTSANPFFTPAEISKQAKASAAKLIVTQSRYVDKIKNLQNDGVLIVTTDSDAIPENCLRFSELTQSEEPRVDSIPEKISPEDVVALPFSSGTTGLPKGVMLTHKGLVTSVAQQVDGENPNLYFNRDDVILCVLPMFHIYALNSIMLCSLRVGATILIMPKFEITLLLEQIQRCKVTVAMVVPPIVLAIAKSPETEKYDLSSVRMVKSGAAPLGKELEDAISAKFPNAKLGQGYGMTEAGPVLAMSLGFAKEPFPVKSGACGTVVRNAEMKILDPDTGDSLPRNKPGEICIRGNQIMKGYLNDPLATASTIDKDGWLHTGDVGFIDDDDELFIVDRLKELIKYKGFQVAPAELESLLIGHPEINDVAVVAMKEEDAGEVPVAFVVRSKDSNISEDEIKQFVSKQVVFYKRINKVFFTDSIPKAPSGKILRKDLGARLANGLMN,-1.1872805325841072,-16.466163635253906,-17.837783813476562,-15.21177577972412,-17.57505226135254,-18.952455520629883,-11.79366683959961,-9.343419075012209,-10.836034774780272,-19.5703125,-3.9257423877716064
"F109K,E275D,I453V",MTTQDVIVNDQNDQKQCSNDVIFRSRLPDIYIPNHLPLHDYIFENISEFAAKPCLINGPTGEVYTYADVHVTSRKLAAGLHNLGVKQHDVVMILLPNSPEVVLTFLAASFIGAITTSANPFFTPAEISKQAKASAAKLIVTQSRYVDKIKNLQNDGVLIVTTDSDAIPENCLRFSELTQSEEPRVDSIPEKISPEDVVALPFSSGTTGLPKGVMLTHKGLVTSVAQQVDGENPNLYFNRDDVILCVLPMFHIYALNSIMLCSLRVGATILIMPKFEITLLLEQIQRCKVTVAMVVPPIVLAIAKSPETEKYDLSSVRMVKSGAAPLGKELEDAISAKFPNAKLGQGYGMTEAGPVLAMSLGFAKEPFPVKSGACGTVVRNAEMKILDPDTGDSLPRNKPGEICIRGNQIMKGYLNDPLATASTIDKDGWLHTGDVGFIDDDDELFIVDRLKELIKYKGFQVAPAELESLLIGHPEINDVAVVAMKEEDAGEVPVAFVVRSKDSNISEDEIKQFVSKQVVFYKRINKVFFTDSIPKAPSGKILRKDLRARLANGLMN,MTTQDVIVNDQNDQKQCSNDVIFRSRLPDIYIPNHLPLHDYIFENISEFAAKPCLINGPTGEVYTYADVHVTSRKLAAGLHNLGVKQHDVVMILLPNSPEVVLTFLAASKIGAITTSANPFFTPAEISKQAKASAAKLIVTQSRYVDKIKNLQNDGVLIVTTDSDAIPENCLRFSELTQSEEPRVDSIPEKISPEDVVALPFSSGTTGLPKGVMLTHKGLVTSVAQQVDGENPNLYFNRDDVILCVLPMFHIYALNSIMLCSLRVGATILIMPKFDITLLLEQIQRCKVTVAMVVPPIVLAIAKSPETEKYDLSSVRMVKSGAAPLGKELEDAISAKFPNAKLGQGYGMTEAGPVLAMSLGFAKEPFPVKSGACGTVVRNAEMKILDPDTGDSLPRNKPGEICIRGNQIMKGYLNDPLATASTIDKDGWLHTGDVGFIDDDDELFIVDRLKELVKYKGFQVAPAELESLLIGHPEINDVAVVAMKEEDAGEVPVAFVVRSKDSNISEDEIKQFVSKQVVFYKRINKVFFTDSIPKAPSGKILRKDLRARLANGLMN,-0.8793525097311962,-20.9672908782959,-19.277353286743164,-19.473852157592773,-22.88660049438477,-27.78539276123047,-13.04977798461914,-12.746740341186523,-14.774595260620115,-5.46875,-1.1145360469818115
"I270L,K425E,I540T,A550E",MTTQDVIVNDQNDQKQCSNDVIFRSRLPDIYIPNHLPLHDYIFENISEFAAKPCLINGPTGEVYTYADVHVTSRKLAAGLHNLGVKQHDVVMILLPNSPEVVLTFLAASFIGAITTSANPFFTPAEISKQAKASAAKLIVTQSRYVDKIKNLQNDGVLIVTTDSDAIPENCLRFSELTQSEEPRVDSIPEKISPEDVVALPFSSGTTGLPKGVMLTHKGLVTSVAQQVDGENPNLYFNRDDVILCVLPMFHIYALNSIMLCSLRVGATILIMPKFEITLLLEQIQRCKVTVAMVVPPIVLAIAKSPETEKYDLSSVRMVKSGAAPLGKELEDAISAKFPNAKLGQGYGMTEAGPVLAMSLGFAKEPFPVKSGACGTVVRNAEMKILDPDTGDSLPRNKPGEICIRGNQIMKGYLNDPLATASTIDKDGWLHTGDVGFIDDDDELFIVDRLKELIKYKGFQVAPAELESLLIGHPEINDVAVVAMKEEDAGEVPVAFVVRSKDSNISEDEIKQFVSKQVVFYKRINKVFFTDSIPKAPSGKILRKDLRARLANGLMN,MTTQDVIVNDQNDQKQCSNDVIFRSRLPDIYIPNHLPLHDYIFENISEFAAKPCLINGPTGEVYTYADVHVTSRKLAAGLHNLGVKQHDVVMILLPNSPEVVLTFLAASFIGAITTSANPFFTPAEISKQAKASAAKLIVTQSRYVDKIKNLQNDGVLIVTTDSDAIPENCLRFSELTQSEEPRVDSIPEKISPEDVVALPFSSGTTGLPKGVMLTHKGLVTSVAQQVDGENPNLYFNRDDVILCVLPMFHIYALNSIMLCSLRVGATILLMPKFEITLLLEQIQRCKVTVAMVVPPIVLAIAKSPETEKYDLSSVRMVKSGAAPLGKELEDAISAKFPNAKLGQGYGMTEAGPVLAMSLGFAKEPFPVKSGACGTVVRNAEMKILDPDTGDSLPRNKPGEICIRGNQIMKGYLNDPLATASTIDEDGWLHTGDVGFIDDDDELFIVDRLKELIKYKGFQVAPAELESLLIGHPEINDVAVVAMKEEDAGEVPVAFVVRSKDSNISEDEIKQFVSKQVVFYKRINKVFFTDSIPKAPSGKTLRKDLRARLENGLMN,-1.1490052955511492,-26.468048095703125,-23.8455810546875,-29.01878929138184,-25.66156959533692,-27.87350082397461,-20.27886009216309,-19.121076583862305,-19.338191986083984,-13.939453125,-2.7867255210876465
"F109K,K425E",MTTQDVIVNDQNDQKQCSNDVIFRSRLPDIYIPNHLPLHDYIFENISEFAAKPCLINGPTGEVYTYADVHVTSRKLAAGLHNLGVKQHDVVMILLPNSPEVVLTFLAASFIGAITTSANPFFTPAEISKQAKASAAKLIVTQSRYVDKIKNLQNDGVLIVTTDSDAIPENCLRFSELTQSEEPRVDSIPEKISPEDVVALPFSSGTTGLPKGVMLTHKGLVTSVAQQVDGENPNLYFNRDDVILCVLPMFHIYALNSIMLCSLRVGATILIMPKFEITLLLEQIQRCKVTVAMVVPPIVLAIAKSPETEKYDLSSVRMVKSGAAPLGKELEDAISAKFPNAKLGQGYGMTEAGPVLAMSLGFAKEPFPVKSGACGTVVRNAEMKILDPDTGDSLPRNKPGEICIRGNQIMKGYLNDPLATASTIDKDGWLHTGDVGFIDDDDELFIVDRLKELIKYKGFQVAPAELESLLIGHPEINDVAVVAMKEEDAGEVPVAFVVRSKDSNISEDEIKQFVSKQVVFYKRINKVFFTDSIPKAPSGKILRKDLRARLANGLMN,MTTQDVIVNDQNDQKQCSNDVIFRSRLPDIYIPNHLPLHDYIFENISEFAAKPCLINGPTGEVYTYADVHVTSRKLAAGLHNLGVKQHDVVMILLPNSPEVVLTFLAASKIGAITTSANPFFTPAEISKQAKASAAKLIVTQSRYVDKIKNLQNDGVLIVTTDSDAIPENCLRFSELTQSEEPRVDSIPEKISPEDVVALPFSSGTTGLPKGVMLTHKGLVTSVAQQVDGENPNLYFNRDDVILCVLPMFHIYALNSIMLCSLRVGATILIMPKFEITLLLEQIQRCKVTVAMVVPPIVLAIAKSPETEKYDLSSVRMVKSGAAPLGKELEDAISAKFPNAKLGQGYGMTEAGPVLAMSLGFAKEPFPVKSGACGTVVRNAEMKILDPDTGDSLPRNKPGEICIRGNQIMKGYLNDPLATASTIDEDGWLHTGDVGFIDDDDELFIVDRLKELIKYKGFQVAPAELESLLIGHPEINDVAVVAMKEEDAGEVPVAFVVRSKDSNISEDEIKQFVSKQVVFYKRINKVFFTDSIPKAPSGKILRKDLRARLANGLMN,-0.9748550289771726,-12.070890426635742,-10.578775405883787,-10.57321548461914,-12.750772476196287,-15.352409362792969,-8.679155349731445,-6.777350902557373,-7.264781951904297,-5.84375,-1.0909829139709473
"E189G,M317K,N396G,P462R",MTTQDVIVNDQNDQKQCSNDVIFRSRLPDIYIPNHLPLHDYIFENISEFAAKPCLINGPTGEVYTYADVHVTSRKLAAGLHNLGVKQHDVVMILLPNSPEVVLTFLAASFIGAITTSANPFFTPAEISKQAKASAAKLIVTQSRYVDKIKNLQNDGVLIVTTDSDAIPENCLRFSELTQSEEPRVDSIPEKISPEDVVALPFSSGTTGLPKGVMLTHKGLVTSVAQQVDGENPNLYFNRDDVILCVLPMFHIYALNSIMLCSLRVGATILIMPKFEITLLLEQIQRCKVTVAMVVPPIVLAIAKSPETEKYDLSSVRMVKSGAAPLGKELEDAISAKFPNAKLGQGYGMTEAGPVLAMSLGFAKEPFPVKSGACGTVVRNAEMKILDPDTGDSLPRNKPGEICIRGNQIMKGYLNDPLATASTIDKDGWLHTGDVGFIDDDDELFIVDRLKELIKYKGFQVAPAELESLLIGHPEINDVAVVAMKEEDAGEVPVAFVVRSKDSNISEDEIKQFVSKQVVFYKRINKVFFTDSIPKAPSGKILRKDLRARLANGLMN,MTTQDVIVNDQNDQKQCSNDVIFRSRLPDIYIPNHLPLHDYIFENISEFAAKPCLINGPTGEVYTYADVHVTSRKLAAGLHNLGVKQHDVVMILLPNSPEVVLTFLAASFIGAITTSANPFFTPAEISKQAKASAAKLIVTQSRYVDKIKNLQNDGVLIVTTDSDAIPENCLRFSELTQSEEPRVDSIPGKISPEDVVALPFSSGTTGLPKGVMLTHKGLVTSVAQQVDGENPNLYFNRDDVILCVLPMFHIYALNSIMLCSLRVGATILIMPKFEITLLLEQIQRCKVTVAMVVPPIVLAIAKSPETEKYDLSSVRKVKSGAAPLGKELEDAISAKFPNAKLGQGYGMTEAGPVLAMSLGFAKEPFPVKSGACGTVVRNAEMKILDPDTGDSLPRGKPGEICIRGNQIMKGYLNDPLATASTIDKDGWLHTGDVGFIDDDDELFIVDRLKELIKYKGFQVARAELESLLIGHPEINDVAVVAMKEEDAGEVPVAFVVRSKDSNISEDEIKQFVSKQVVFYKRINKVFFTDSIPKAPSGKILRKDLRARLANGLMN,-1.0391989013604168,-36.73380279541016,-36.23519515991211,-32.80646133422852,-40.23076629638672,-42.88936996459961,-27.4865665435791,-27.27782821655273,-25.02674865722656,-22.28515625,-4.46705174446106
"E189G,E275D,N406D,S531A",MTTQDVIVNDQNDQKQCSNDVIFRSRLPDIYIPNHLPLHDYIFENISEFAAKPCLINGPTGEVYTYADVHVTSRKLAAGLHNLGVKQHDVVMILLPNSPEVVLTFLAASFIGAITTSANPFFTPAEISKQAKASAAKLIVTQSRYVDKIKNLQNDGVLIVTTDSDAIPENCLRFSELTQSEEPRVDSIPEKISPEDVVALPFSSGTTGLPKGVMLTHKGLVTSVAQQVDGENPNLYFNRDDVILCVLPMFHIYALNSIMLCSLRVGATILIMPKFEITLLLEQIQRCKVTVAMVVPPIVLAIAKSPETEKYDLSSVRMVKSGAAPLGKELEDAISAKFPNAKLGQGYGMTEAGPVLAMSLGFAKEPFPVKSGACGTVVRNAEMKILDPDTGDSLPRNKPGEICIRGNQIMKGYLNDPLATASTIDKDGWLHTGDVGFIDDDDELFIVDRLKELIKYKGFQVAPAELESLLIGHPEINDVAVVAMKEEDAGEVPVAFVVRSKDSNISEDEIKQFVSKQVVFYKRINKVFFTDSIPKAPSGKILRKDLRARLANGLMN,MTTQDVIVNDQNDQKQCSNDVIFRSRLPDIYIPNHLPLHDYIFENISEFAAKPCLINGPTGEVYTYADVHVTSRKLAAGLHNLGVKQHDVVMILLPNSPEVVLTFLAASFIGAITTSANPFFTPAEISKQAKASAAKLIVTQSRYVDKIKNLQNDGVLIVTTDSDAIPENCLRFSELTQSEEPRVDSIPGKISPEDVVALPFSSGTTGLPKGVMLTHKGLVTSVAQQVDGENPNLYFNRDDVILCVLPMFHIYALNSIMLCSLRVGATILIMPKFDITLLLEQIQRCKVTVAMVVPPIVLAIAKSPETEKYDLSSVRMVKSGAAPLGKELEDAISAKFPNAKLGQGYGMTEAGPVLAMSLGFAKEPFPVKSGACGTVVRNAEMKILDPDTGDSLPRNKPGEICIRGDQIMKGYLNDPLATASTIDKDGWLHTGDVGFIDDDDELFIVDRLKELIKYKGFQVAPAELESLLIGHPEINDVAVVAMKEEDAGEVPVAFVVRSKDSNISEDEIKQFVSKQVVFYKRINKVFFTDAIPKAPSGKILRKDLRARLANGLMN,-1.2417153779257224,-15.530903816223145,-21.039316177368164,-14.148818969726562,-16.618940353393555,-18.012842178344727,-13.526742935180664,-14.25624656677246,-13.62993621826172,-4.6318359375,-0.8595054149627686
"F109R,D487G,V493A,V497E",MTTQDVIVNDQNDQKQCSNDVIFRSRLPDIYIPNHLPLHDYIFENISEFAAKPCLINGPTGEVYTYADVHVTSRKLAAGLHNLGVKQHDVVMILLPNSPEVVLTFLAASFIGAITTSANPFFTPAEISKQAKASAAKLIVTQSRYVDKIKNLQNDGVLIVTTDSDAIPENCLRFSELTQSEEPRVDSIPEKISPEDVVALPFSSGTTGLPKGVMLTHKGLVTSVAQQVDGENPNLYFNRDDVILCVLPMFHIYALNSIMLCSLRVGATILIMPKFEITLLLEQIQRCKVTVAMVVPPIVLAIAKSPETEKYDLSSVRMVKSGAAPLGKELEDAISAKFPNAKLGQGYGMTEAGPVLAMSLGFAKEPFPVKSGACGTVVRNAEMKILDPDTGDSLPRNKPGEICIRGNQIMKGYLNDPLATASTIDKDGWLHTGDVGFIDDDDELFIVDRLKELIKYKGFQVAPAELESLLIGHPEINDVAVVAMKEEDAGEVPVAFVVRSKDSNISEDEIKQFVSKQVVFYKRINKVFFTDSIPKAPSGKILRKDLRARLANGLMN,MTTQDVIVNDQNDQKQCSNDVIFRSRLPDIYIPNHLPLHDYIFENISEFAAKPCLINGPTGEVYTYADVHVTSRKLAAGLHNLGVKQHDVVMILLPNSPEVVLTFLAASRIGAITTSANPFFTPAEISKQAKASAAKLIVTQSRYVDKIKNLQNDGVLIVTTDSDAIPENCLRFSELTQSEEPRVDSIPEKISPEDVVALPFSSGTTGLPKGVMLTHKGLVTSVAQQVDGENPNLYFNRDDVILCVLPMFHIYALNSIMLCSLRVGATILIMPKFEITLLLEQIQRCKVTVAMVVPPIVLAIAKSPETEKYDLSSVRMVKSGAAPLGKELEDAISAKFPNAKLGQGYGMTEAGPVLAMSLGFAKEPFPVKSGACGTVVRNAEMKILDPDTGDSLPRNKPGEICIRGNQIMKGYLNDPLATASTIDKDGWLHTGDVGFIDDDDELFIVDRLKELIKYKGFQVAPAELESLLIGHPEINDVAVVAMKEEGAGEVPAAFVERSKDSNISEDEIKQFVSKQVVFYKRINKVFFTDSIPKAPSGKILRKDLRARLANGLMN,-1.086752805212968,-23.82452774047852,-31.264015197753903,-25.0839958190918,-24.82038307189941,-27.76721572875977,-19.507064819335938,-19.74790573120117,-24.098751068115234,-20.068359375,-4.203550338745117
"L137P,S261G",MTTQDVIVNDQNDQKQCSNDVIFRSRLPDIYIPNHLPLHDYIFENISEFAAKPCLINGPTGEVYTYADVHVTSRKLAAGLHNLGVKQHDVVMILLPNSPEVVLTFLAASFIGAITTSANPFFTPAEISKQAKASAAKLIVTQSRYVDKIKNLQNDGVLIVTTDSDAIPENCLRFSELTQSEEPRVDSIPEKISPEDVVALPFSSGTTGLPKGVMLTHKGLVTSVAQQVDGENPNLYFNRDDVILCVLPMFHIYALNSIMLCSLRVGATILIMPKFEITLLLEQIQRCKVTVAMVVPPIVLAIAKSPETEKYDLSSVRMVKSGAAPLGKELEDAISAKFPNAKLGQGYGMTEAGPVLAMSLGFAKEPFPVKSGACGTVVRNAEMKILDPDTGDSLPRNKPGEICIRGNQIMKGYLNDPLATASTIDKDGWLHTGDVGFIDDDDELFIVDRLKELIKYKGFQVAPAELESLLIGHPEINDVAVVAMKEEDAGEVPVAFVVRSKDSNISEDEIKQFVSKQVVFYKRINKVFFTDSIPKAPSGKILRKDLRARLANGLMN,MTTQDVIVNDQNDQKQCSNDVIFRSRLPDIYIPNHLPLHDYIFENISEFAAKPCLINGPTGEVYTYADVHVTSRKLAAGLHNLGVKQHDVVMILLPNSPEVVLTFLAASFIGAITTSANPFFTPAEISKQAKASAAKPIVTQSRYVDKIKNLQNDGVLIVTTDSDAIPENCLRFSELTQSEEPRVDSIPEKISPEDVVALPFSSGTTGLPKGVMLTHKGLVTSVAQQVDGENPNLYFNRDDVILCVLPMFHIYALNSIMLCGLRVGATILIMPKFEITLLLEQIQRCKVTVAMVVPPIVLAIAKSPETEKYDLSSVRMVKSGAAPLGKELEDAISAKFPNAKLGQGYGMTEAGPVLAMSLGFAKEPFPVKSGACGTVVRNAEMKILDPDTGDSLPRNKPGEICIRGNQIMKGYLNDPLATASTIDKDGWLHTGDVGFIDDDDELFIVDRLKELIKYKGFQVAPAELESLLIGHPEINDVAVVAMKEEDAGEVPVAFVVRSKDSNISEDEIKQFVSKQVVFYKRINKVFFTDSIPKAPSGKILRKDLRARLANGLMN,-1.5499085055449071,-17.8275146484375,-16.0281982421875,-18.01767539978028,-16.1573429107666,-21.93229484558105,-16.22402000427246,-16.472471237182617,-14.696075439453123,-18.734375,-3.8063161373138414
"R25G,M382V",MTTQDVIVNDQNDQKQCSNDVIFRSRLPDIYIPNHLPLHDYIFENISEFAAKPCLINGPTGEVYTYADVHVTSRKLAAGLHNLGVKQHDVVMILLPNSPEVVLTFLAASFIGAITTSANPFFTPAEISKQAKASAAKLIVTQSRYVDKIKNLQNDGVLIVTTDSDAIPENCLRFSELTQSEEPRVDSIPEKISPEDVVALPFSSGTTGLPKGVMLTHKGLVTSVAQQVDGENPNLYFNRDDVILCVLPMFHIYALNSIMLCSLRVGATILIMPKFEITLLLEQIQRCKVTVAMVVPPIVLAIAKSPETEKYDLSSVRMVKSGAAPLGKELEDAISAKFPNAKLGQGYGMTEAGPVLAMSLGFAKEPFPVKSGACGTVVRNAEMKILDPDTGDSLPRNKPGEICIRGNQIMKGYLNDPLATASTIDKDGWLHTGDVGFIDDDDELFIVDRLKELIKYKGFQVAPAELESLLIGHPEINDVAVVAMKEEDAGEVPVAFVVRSKDSNISEDEIKQFVSKQVVFYKRINKVFFTDSIPKAPSGKILRKDLRARLANGLMN,MTTQDVIVNDQNDQKQCSNDVIFRSGLPDIYIPNHLPLHDYIFENISEFAAKPCLINGPTGEVYTYADVHVTSRKLAAGLHNLGVKQHDVVMILLPNSPEVVLTFLAASFIGAITTSANPFFTPAEISKQAKASAAKLIVTQSRYVDKIKNLQNDGVLIVTTDSDAIPENCLRFSELTQSEEPRVDSIPEKISPEDVVALPFSSGTTGLPKGVMLTHKGLVTSVAQQVDGENPNLYFNRDDVILCVLPMFHIYALNSIMLCSLRVGATILIMPKFEITLLLEQIQRCKVTVAMVVPPIVLAIAKSPETEKYDLSSVRMVKSGAAPLGKELEDAISAKFPNAKLGQGYGMTEAGPVLAMSLGFAKEPFPVKSGACGTVVRNAEVKILDPDTGDSLPRNKPGEICIRGNQIMKGYLNDPLATASTIDKDGWLHTGDVGFIDDDDELFIVDRLKELIKYKGFQVAPAELESLLIGHPEINDVAVVAMKEEDAGEVPVAFVVRSKDSNISEDEIKQFVSKQVVFYKRINKVFFTDSIPKAPSGKILRKDLRARLANGLMN,-1.5535433864513646,-15.193044662475586,-12.217451095581056,-12.97935676574707,-15.523980140686035,-12.577241897583008,-7.177556991577148,-7.677257061004639,-8.945642471313477,-4.90625,-0.922337293624878
"S261G,M382V",MTTQDVIVNDQNDQKQCSNDVIFRSRLPDIYIPNHLPLHDYIFENISEFAAKPCLINGPTGEVYTYADVHVTSRKLAAGLHNLGVKQHDVVMILLPNSPEVVLTFLAASFIGAITTSANPFFTPAEISKQAKASAAKLIVTQSRYVDKIKNLQNDGVLIVTTDSDAIPENCLRFSELTQSEEPRVDSIPEKISPEDVVALPFSSGTTGLPKGVMLTHKGLVTSVAQQVDGENPNLYFNRDDVILCVLPMFHIYALNSIMLCSLRVGATILIMPKFEITLLLEQIQRCKVTVAMVVPPIVLAIAKSPETEKYDLSSVRMVKSGAAPLGKELEDAISAKFPNAKLGQGYGMTEAGPVLAMSLGFAKEPFPVKSGACGTVVRNAEMKILDPDTGDSLPRNKPGEICIRGNQIMKGYLNDPLATASTIDKDGWLHTGDVGFIDDDDELFIVDRLKELIKYKGFQVAPAELESLLIGHPEINDVAVVAMKEEDAGEVPVAFVVRSKDSNISEDEIKQFVSKQVVFYKRINKVFFTDSIPKAPSGKILRKDLRARLANGLMN,MTTQDVIVNDQNDQKQCSNDVIFRSRLPDIYIPNHLPLHDYIFENISEFAAKPCLINGPTGEVYTYADVHVTSRKLAAGLHNLGVKQHDVVMILLPNSPEVVLTFLAASFIGAITTSANPFFTPAEISKQAKASAAKLIVTQSRYVDKIKNLQNDGVLIVTTDSDAIPENCLRFSELTQSEEPRVDSIPEKISPEDVVALPFSSGTTGLPKGVMLTHKGLVTSVAQQVDGENPNLYFNRDDVILCVLPMFHIYALNSIMLCGLRVGATILIMPKFEITLLLEQIQRCKVTVAMVVPPIVLAIAKSPETEKYDLSSVRMVKSGAAPLGKELEDAISAKFPNAKLGQGYGMTEAGPVLAMSLGFAKEPFPVKSGACGTVVRNAEVKILDPDTGDSLPRNKPGEICIRGNQIMKGYLNDPLATASTIDKDGWLHTGDVGFIDDDDELFIVDRLKELIKYKGFQVAPAELESLLIGHPEINDVAVVAMKEEDAGEVPVAFVVRSKDSNISEDEIKQFVSKQVVFYKRINKVFFTDSIPKAPSGKILRKDLRARLANGLMN,-1.43260848329416,-9.38668441772461,-4.871537208557129,-8.583468437194824,-7.497802257537842,-12.06973648071289,-4.26475191116333,-5.396960735321045,-4.956135749816895,-1.85546875,-0.2928793430328369
"L137P,M382V",MTTQDVIVNDQNDQKQCSNDVIFRSRLPDIYIPNHLPLHDYIFENISEFAAKPCLINGPTGEVYTYADVHVTSRKLAAGLHNLGVKQHDVVMILLPNSPEVVLTFLAASFIGAITTSANPFFTPAEISKQAKASAAKLIVTQSRYVDKIKNLQNDGVLIVTTDSDAIPENCLRFSELTQSEEPRVDSIPEKISPEDVVALPFSSGTTGLPKGVMLTHKGLVTSVAQQVDGENPNLYFNRDDVILCVLPMFHIYALNSIMLCSLRVGATILIMPKFEITLLLEQIQRCKVTVAMVVPPIVLAIAKSPETEKYDLSSVRMVKSGAAPLGKELEDAISAKFPNAKLGQGYGMTEAGPVLAMSLGFAKEPFPVKSGACGTVVRNAEMKILDPDTGDSLPRNKPGEICIRGNQIMKGYLNDPLATASTIDKDGWLHTGDVGFIDDDDELFIVDRLKELIKYKGFQVAPAELESLLIGHPEINDVAVVAMKEEDAGEVPVAFVVRSKDSNISEDEIKQFVSKQVVFYKRINKVFFTDSIPKAPSGKILRKDLRARLANGLMN,MTTQDVIVNDQNDQKQCSNDVIFRSRLPDIYIPNHLPLHDYIFENISEFAAKPCLINGPTGEVYTYADVHVTSRKLAAGLHNLGVKQHDVVMILLPNSPEVVLTFLAASFIGAITTSANPFFTPAEISKQAKASAAKPIVTQSRYVDKIKNLQNDGVLIVTTDSDAIPENCLRFSELTQSEEPRVDSIPEKISPEDVVALPFSSGTTGLPKGVMLTHKGLVTSVAQQVDGENPNLYFNRDDVILCVLPMFHIYALNSIMLCSLRVGATILIMPKFEITLLLEQIQRCKVTVAMVVPPIVLAIAKSPETEKYDLSSVRMVKSGAAPLGKELEDAISAKFPNAKLGQGYGMTEAGPVLAMSLGFAKEPFPVKSGACGTVVRNAEVKILDPDTGDSLPRNKPGEICIRGNQIMKGYLNDPLATASTIDKDGWLHTGDVGFIDDDDELFIVDRLKELIKYKGFQVAPAELESLLIGHPEINDVAVVAMKEEDAGEVPVAFVVRSKDSNISEDEIKQFVSKQVVFYKRINKVFFTDSIPKAPSGKILRKDLRARLANGLMN,-1.6162730653688573,-21.392070770263672,-20.459060668945312,-20.0712833404541,-22.867319107055664,-23.64348030090332,-14.992164611816406,-14.318742752075195,-13.97891616821289,-18.43359375,-3.690187931060791
